image_path,pair_id,version,room_type,style_desc,style_primary,style_secondary,style_conf,style_evidence,prompt_fixed,prompt_fixed_style,split
/home/jupyter/dataset_lora/after/bathroom__134b65d61e04d23396_orig.jpg,134b65d61e04d23396,orig,bathroom,"teal walls, iridescent mosaic tiling, dark espresso vanity, gray tile flooring, warm vanity lighting, contemporary eclectic",Contemporary,Modern,high,"Teal walls, iridescent mosaic shower tile, dark grey subway tile, stone vessel sink, waterfall faucet, and black vanity.","photorealistic renovated interior, professional real estate photography, high detail","photorealistic renovated interior, professional real estate photography, high detail, teal walls, iridescent mosaic tiling, dark espresso vanity, gray tile flooring, warm vanity lighting, contemporary eclectic",train
/home/jupyter/dataset_lora/after/bathroom__134b65d61e04d23396_v0.jpg,134b65d61e04d23396,v0,bathroom,"teal walls, iridescent mosaic tiling, dark espresso vanity, gray tile flooring, warm vanity lighting, contemporary eclectic",Contemporary,Modern,high,"Teal walls, iridescent mosaic shower tile, dark grey subway tile, stone vessel sink, waterfall faucet, and black vanity.","photorealistic renovated interior, professional real estate photography, high detail","photorealistic renovated interior, professional real estate photography, high detail, teal walls, iridescent mosaic tiling, dark espresso vanity, gray tile flooring, warm vanity lighting, contemporary eclectic",train
/home/jupyter/dataset_lora/after/bathroom__134b65d61e04d23396_v1.jpg,134b65d61e04d23396,v1,bathroom,"teal walls, iridescent mosaic tiling, dark espresso vanity, gray tile flooring, warm vanity lighting, contemporary eclectic",Contemporary,Modern,high,"Teal walls, iridescent mosaic shower tile, dark grey subway tile, stone vessel sink, waterfall faucet, and black vanity.","photorealistic renovated interior, professional real estate photography, high detail","photorealistic renovated interior, professional real estate photography, high detail, teal walls, iridescent mosaic tiling, dark espresso vanity, gray tile flooring, warm vanity lighting, contemporary eclectic",train
/home/jupyter/dataset_lora/after/bathroom__134b65d61e04d23396_v2.jpg,134b65d61e04d23396,v2,bathroom,"teal walls, iridescent mosaic tiling, dark espresso vanity, gray tile flooring, warm vanity lighting, contemporary eclectic",Contemporary,Modern,high,"Teal walls, iridescent mosaic shower tile, dark grey subway tile, stone vessel sink, waterfall faucet, and black vanity.","photorealistic renovated interior, professional real estate photography, high detail","photorealistic renovated interior, professional real estate photography, high detail, teal walls, iridescent mosaic tiling, dark espresso vanity, gray tile flooring, warm vanity lighting, contemporary eclectic",train
/home/jupyter/dataset_lora/after/bathroom__134b65d61e04d23396_v3.jpg,134b65d61e04d23396,v3,bathroom,"teal walls, iridescent mosaic tiling, dark espresso vanity, gray tile flooring, warm vanity lighting, contemporary eclectic",Contemporary,Modern,high,"Teal walls, iridescent mosaic shower tile, dark grey subway tile, stone vessel sink, waterfall faucet, and black vanity.","photorealistic renovated interior, professional real estate photography, high detail","photorealistic renovated interior, professional real estate photography, high detail, teal walls, iridescent mosaic tiling, dark espresso vanity, gray tile flooring, warm vanity lighting, contemporary eclectic",train
/home/jupyter/dataset_lora/after/bathroom__134b65d61e04d23396_v4.jpg,134b65d61e04d23396,v4,bathroom,"teal walls, iridescent mosaic tiling, dark espresso vanity, gray tile flooring, warm vanity lighting, contemporary eclectic",Contemporary,Modern,high,"Teal walls, iridescent mosaic shower tile, dark grey subway tile, stone vessel sink, waterfall faucet, and black vanity.","photorealistic renovated interior, professional real estate photography, high detail","photorealistic renovated interior, professional real estate photography, high detail, teal walls, iridescent mosaic tiling, dark espresso vanity, gray tile flooring, warm vanity lighting, contemporary eclectic",train
/home/jupyter/dataset_lora/after/bathroom__189ae75ae2d90c5c33_orig.jpg,189ae75ae2d90c5c33,orig,bathroom,"White shiplap and subway tile walls, dark wood vintage vanity, warm hardwood flooring, crystal chandelier, eclectic farmhouse",Traditional,Farmhouse,high,"Clawfoot tub, ornate dark wood vanity, crystal chandelier, shiplap walls, woven wood blinds, and white subway tile.","photorealistic renovated interior, professional real estate photography, high detail","photorealistic renovated interior, professional real estate photography, high detail, White shiplap and subway tile walls, dark wood vintage vanity, warm hardwood flooring, crystal chandelier, eclectic farmhouse",train
/home/jupyter/dataset_lora/after/bathroom__189ae75ae2d90c5c33_v0.jpg,189ae75ae2d90c5c33,v0,bathroom,"White shiplap and subway tile walls, dark wood vintage vanity, warm hardwood flooring, crystal chandelier, eclectic farmhouse",Traditional,Farmhouse,high,"Clawfoot tub, ornate dark wood vanity, crystal chandelier, shiplap walls, woven wood blinds, and white subway tile.","photorealistic renovated interior, professional real estate photography, high detail","photorealistic renovated interior, professional real estate photography, high detail, White shiplap and subway tile walls, dark wood vintage vanity, warm hardwood flooring, crystal chandelier, eclectic farmhouse",train
/home/jupyter/dataset_lora/after/bathroom__189ae75ae2d90c5c33_v1.jpg,189ae75ae2d90c5c33,v1,bathroom,"White shiplap and subway tile walls, dark wood vintage vanity, warm hardwood flooring, crystal chandelier, eclectic farmhouse",Traditional,Farmhouse,high,"Clawfoot tub, ornate dark wood vanity, crystal chandelier, shiplap walls, woven wood blinds, and white subway tile.","photorealistic renovated interior, professional real estate photography, high detail","photorealistic renovated interior, professional real estate photography, high detail, White shiplap and subway tile walls, dark wood vintage vanity, warm hardwood flooring, crystal chandelier, eclectic farmhouse",train
/home/jupyter/dataset_lora/after/bathroom__189ae75ae2d90c5c33_v2.jpg,189ae75ae2d90c5c33,v2,bathroom,"White shiplap and subway tile walls, dark wood vintage vanity, warm hardwood flooring, crystal chandelier, eclectic farmhouse",Traditional,Farmhouse,high,"Clawfoot tub, ornate dark wood vanity, crystal chandelier, shiplap walls, woven wood blinds, and white subway tile.","photorealistic renovated interior, professional real estate photography, high detail","photorealistic renovated interior, professional real estate photography, high detail, White shiplap and subway tile walls, dark wood vintage vanity, warm hardwood flooring, crystal chandelier, eclectic farmhouse",train
/home/jupyter/dataset_lora/after/bathroom__189ae75ae2d90c5c33_v3.jpg,189ae75ae2d90c5c33,v3,bathroom,"White shiplap and subway tile walls, dark wood vintage vanity, warm hardwood flooring, crystal chandelier, eclectic farmhouse",Traditional,Farmhouse,high,"Clawfoot tub, ornate dark wood vanity, crystal chandelier, shiplap walls, woven wood blinds, and white subway tile.","photorealistic renovated interior, professional real estate photography, high detail","photorealistic renovated interior, professional real estate photography, high detail, White shiplap and subway tile walls, dark wood vintage vanity, warm hardwood flooring, crystal chandelier, eclectic farmhouse",train
/home/jupyter/dataset_lora/after/bathroom__189ae75ae2d90c5c33_v4.jpg,189ae75ae2d90c5c33,v4,bathroom,"White shiplap and subway tile walls, dark wood vintage vanity, warm hardwood flooring, crystal chandelier, eclectic farmhouse",Traditional,Farmhouse,high,"Clawfoot tub, ornate dark wood vanity, crystal chandelier, shiplap walls, woven wood blinds, and white subway tile.","photorealistic renovated interior, professional real estate photography, high detail","photorealistic renovated interior, professional real estate photography, high detail, White shiplap and subway tile walls, dark wood vintage vanity, warm hardwood flooring, crystal chandelier, eclectic farmhouse",train
/home/jupyter/dataset_lora/after/bathroom__325b020453779e053d_orig.jpg,325b020453779e053d,orig,bathroom,"green-gray penny tile walls, weathered oak vanity with marble counter, light stone flooring, polished nickel lighting, transitional",Contemporary,Traditional,high,"Shaker-style vanity, marble countertop, ornate beaded mirror, classic chrome faucets, and frameless glass shower.","photorealistic renovated interior, professional real estate photography, high detail","photorealistic renovated interior, professional real estate photography, high detail, green-gray penny tile walls, weathered oak vanity with marble counter, light stone flooring, polished nickel lighting, transitional",train
/home/jupyter/dataset_lora/after/bathroom__325b020453779e053d_v0.jpg,325b020453779e053d,v0,bathroom,"green-gray penny tile walls, weathered oak vanity with marble counter, light stone flooring, polished nickel lighting, transitional",Contemporary,Traditional,high,"Shaker-style vanity, marble countertop, ornate beaded mirror, classic chrome faucets, and frameless glass shower.","photorealistic renovated interior, professional real estate photography, high detail","photorealistic renovated interior, professional real estate photography, high detail, green-gray penny tile walls, weathered oak vanity with marble counter, light stone flooring, polished nickel lighting, transitional",train
/home/jupyter/dataset_lora/after/bathroom__325b020453779e053d_v1.jpg,325b020453779e053d,v1,bathroom,"green-gray penny tile walls, weathered oak vanity with marble counter, light stone flooring, polished nickel lighting, transitional",Contemporary,Traditional,high,"Shaker-style vanity, marble countertop, ornate beaded mirror, classic chrome faucets, and frameless glass shower.","photorealistic renovated interior, professional real estate photography, high detail","photorealistic renovated interior, professional real estate photography, high detail, green-gray penny tile walls, weathered oak vanity with marble counter, light stone flooring, polished nickel lighting, transitional",train
/home/jupyter/dataset_lora/after/bathroom__325b020453779e053d_v2.jpg,325b020453779e053d,v2,bathroom,"green-gray penny tile walls, weathered oak vanity with marble counter, light stone flooring, polished nickel lighting, transitional",Contemporary,Traditional,high,"Shaker-style vanity, marble countertop, ornate beaded mirror, classic chrome faucets, and frameless glass shower.","photorealistic renovated interior, professional real estate photography, high detail","photorealistic renovated interior, professional real estate photography, high detail, green-gray penny tile walls, weathered oak vanity with marble counter, light stone flooring, polished nickel lighting, transitional",train
/home/jupyter/dataset_lora/after/bathroom__325b020453779e053d_v3.jpg,325b020453779e053d,v3,bathroom,"green-gray penny tile walls, weathered oak vanity with marble counter, light stone flooring, polished nickel lighting, transitional",Contemporary,Traditional,high,"Shaker-style vanity, marble countertop, ornate beaded mirror, classic chrome faucets, and frameless glass shower.","photorealistic renovated interior, professional real estate photography, high detail","photorealistic renovated interior, professional real estate photography, high detail, green-gray penny tile walls, weathered oak vanity with marble counter, light stone flooring, polished nickel lighting, transitional",train
/home/jupyter/dataset_lora/after/bathroom__325b020453779e053d_v4.jpg,325b020453779e053d,v4,bathroom,"green-gray penny tile walls, weathered oak vanity with marble counter, light stone flooring, polished nickel lighting, transitional",Contemporary,Traditional,high,"Shaker-style vanity, marble countertop, ornate beaded mirror, classic chrome faucets, and frameless glass shower.","photorealistic renovated interior, professional real estate photography, high detail","photorealistic renovated interior, professional real estate photography, high detail, green-gray penny tile walls, weathered oak vanity with marble counter, light stone flooring, polished nickel lighting, transitional",train
/home/jupyter/dataset_lora/after/bathroom__556fd83103f6465b28_orig.jpg,556fd83103f6465b28,orig,bathroom,"soft greige walls, warm wood vanities, polished beige travertine flooring, crystal drum chandelier lighting, transitional style",Traditional,Glam,high,"Beige marble tile, curved tub deck, plantation shutters, dark wood vanity, and a crystal drum chandelier.","photorealistic renovated interior, professional real estate photography, high detail","photorealistic renovated interior, professional real estate photography, high detail, soft greige walls, warm wood vanities, polished beige travertine flooring, crystal drum chandelier lighting, transitional style",train
/home/jupyter/dataset_lora/after/bathroom__556fd83103f6465b28_v0.jpg,556fd83103f6465b28,v0,bathroom,"soft greige walls, warm wood vanities, polished beige travertine flooring, crystal drum chandelier lighting, transitional style",Traditional,Glam,high,"Beige marble tile, curved tub deck, plantation shutters, dark wood vanity, and a crystal drum chandelier.","photorealistic renovated interior, professional real estate photography, high detail","photorealistic renovated interior, professional real estate photography, high detail, soft greige walls, warm wood vanities, polished beige travertine flooring, crystal drum chandelier lighting, transitional style",train
/home/jupyter/dataset_lora/after/bathroom__556fd83103f6465b28_v1.jpg,556fd83103f6465b28,v1,bathroom,"soft greige walls, warm wood vanities, polished beige travertine flooring, crystal drum chandelier lighting, transitional style",Traditional,Glam,high,"Beige marble tile, curved tub deck, plantation shutters, dark wood vanity, and a crystal drum chandelier.","photorealistic renovated interior, professional real estate photography, high detail","photorealistic renovated interior, professional real estate photography, high detail, soft greige walls, warm wood vanities, polished beige travertine flooring, crystal drum chandelier lighting, transitional style",train
/home/jupyter/dataset_lora/after/bathroom__556fd83103f6465b28_v2.jpg,556fd83103f6465b28,v2,bathroom,"soft greige walls, warm wood vanities, polished beige travertine flooring, crystal drum chandelier lighting, transitional style",Traditional,Glam,high,"Beige marble tile, curved tub deck, plantation shutters, dark wood vanity, and a crystal drum chandelier.","photorealistic renovated interior, professional real estate photography, high detail","photorealistic renovated interior, professional real estate photography, high detail, soft greige walls, warm wood vanities, polished beige travertine flooring, crystal drum chandelier lighting, transitional style",train
/home/jupyter/dataset_lora/after/bathroom__556fd83103f6465b28_v3.jpg,556fd83103f6465b28,v3,bathroom,"soft greige walls, warm wood vanities, polished beige travertine flooring, crystal drum chandelier lighting, transitional style",Traditional,Glam,high,"Beige marble tile, curved tub deck, plantation shutters, dark wood vanity, and a crystal drum chandelier.","photorealistic renovated interior, professional real estate photography, high detail","photorealistic renovated interior, professional real estate photography, high detail, soft greige walls, warm wood vanities, polished beige travertine flooring, crystal drum chandelier lighting, transitional style",train
/home/jupyter/dataset_lora/after/bathroom__556fd83103f6465b28_v4.jpg,556fd83103f6465b28,v4,bathroom,"soft greige walls, warm wood vanities, polished beige travertine flooring, crystal drum chandelier lighting, transitional style",Traditional,Glam,high,"Beige marble tile, curved tub deck, plantation shutters, dark wood vanity, and a crystal drum chandelier.","photorealistic renovated interior, professional real estate photography, high detail","photorealistic renovated interior, professional real estate photography, high detail, soft greige walls, warm wood vanities, polished beige travertine flooring, crystal drum chandelier lighting, transitional style",train
/home/jupyter/dataset_lora/after/bathroom__8c6ee8cdf602b77452_orig.jpg,8c6ee8cdf602b77452,orig,bathroom,"light gray walls, gray vanity with marble top, basketweave tile flooring, brass wall sconces, transitional",Contemporary,Traditional,high,"Gray shaker vanity, marble countertop, herringbone shower tile, brass sconces, black oval mirror, and chrome fixtures.","photorealistic renovated interior, professional real estate photography, high detail","photorealistic renovated interior, professional real estate photography, high detail, light gray walls, gray vanity with marble top, basketweave tile flooring, brass wall sconces, transitional",train
/home/jupyter/dataset_lora/after/bathroom__8c6ee8cdf602b77452_v0.jpg,8c6ee8cdf602b77452,v0,bathroom,"light gray walls, gray vanity with marble top, basketweave tile flooring, brass wall sconces, transitional",Contemporary,Traditional,high,"Gray shaker vanity, marble countertop, herringbone shower tile, brass sconces, black oval mirror, and chrome fixtures.","photorealistic renovated interior, professional real estate photography, high detail","photorealistic renovated interior, professional real estate photography, high detail, light gray walls, gray vanity with marble top, basketweave tile flooring, brass wall sconces, transitional",train
/home/jupyter/dataset_lora/after/bathroom__8c6ee8cdf602b77452_v1.jpg,8c6ee8cdf602b77452,v1,bathroom,"light gray walls, gray vanity with marble top, basketweave tile flooring, brass wall sconces, transitional",Contemporary,Traditional,high,"Gray shaker vanity, marble countertop, herringbone shower tile, brass sconces, black oval mirror, and chrome fixtures.","photorealistic renovated interior, professional real estate photography, high detail","photorealistic renovated interior, professional real estate photography, high detail, light gray walls, gray vanity with marble top, basketweave tile flooring, brass wall sconces, transitional",train
/home/jupyter/dataset_lora/after/bathroom__8c6ee8cdf602b77452_v2.jpg,8c6ee8cdf602b77452,v2,bathroom,"light gray walls, gray vanity with marble top, basketweave tile flooring, brass wall sconces, transitional",Contemporary,Traditional,high,"Gray shaker vanity, marble countertop, herringbone shower tile, brass sconces, black oval mirror, and chrome fixtures.","photorealistic renovated interior, professional real estate photography, high detail","photorealistic renovated interior, professional real estate photography, high detail, light gray walls, gray vanity with marble top, basketweave tile flooring, brass wall sconces, transitional",train
/home/jupyter/dataset_lora/after/bathroom__8c6ee8cdf602b77452_v3.jpg,8c6ee8cdf602b77452,v3,bathroom,"light gray walls, gray vanity with marble top, basketweave tile flooring, brass wall sconces, transitional",Contemporary,Traditional,high,"Gray shaker vanity, marble countertop, herringbone shower tile, brass sconces, black oval mirror, and chrome fixtures.","photorealistic renovated interior, professional real estate photography, high detail","photorealistic renovated interior, professional real estate photography, high detail, light gray walls, gray vanity with marble top, basketweave tile flooring, brass wall sconces, transitional",train
/home/jupyter/dataset_lora/after/bathroom__8c6ee8cdf602b77452_v4.jpg,8c6ee8cdf602b77452,v4,bathroom,"light gray walls, gray vanity with marble top, basketweave tile flooring, brass wall sconces, transitional",Contemporary,Traditional,high,"Gray shaker vanity, marble countertop, herringbone shower tile, brass sconces, black oval mirror, and chrome fixtures.","photorealistic renovated interior, professional real estate photography, high detail","photorealistic renovated interior, professional real estate photography, high detail, light gray walls, gray vanity with marble top, basketweave tile flooring, brass wall sconces, transitional",train
/home/jupyter/dataset_lora/after/bathroom__8db07619badad053ee_orig.jpg,8db07619badad053ee,orig,bathroom,"pale gray walls with white trim, black and white tile flooring, classic chrome sconce, traditional cottage",Traditional,Farmhouse,high,"Classic black-and-white mosaic tile floor, white pedestal sink, traditional sconce lighting, and craftsman-style window trim.","photorealistic renovated interior, professional real estate photography, high detail","photorealistic renovated interior, professional real estate photography, high detail, pale gray walls with white trim, black and white tile flooring, classic chrome sconce, traditional cottage",train
/home/jupyter/dataset_lora/after/bathroom__8db07619badad053ee_v0.jpg,8db07619badad053ee,v0,bathroom,"pale gray walls with white trim, black and white tile flooring, classic chrome sconce, traditional cottage",Traditional,Farmhouse,high,"Classic black-and-white mosaic tile floor, white pedestal sink, traditional sconce lighting, and craftsman-style window trim.","photorealistic renovated interior, professional real estate photography, high detail","photorealistic renovated interior, professional real estate photography, high detail, pale gray walls with white trim, black and white tile flooring, classic chrome sconce, traditional cottage",train
/home/jupyter/dataset_lora/after/bathroom__8db07619badad053ee_v1.jpg,8db07619badad053ee,v1,bathroom,"pale gray walls with white trim, black and white tile flooring, classic chrome sconce, traditional cottage",Traditional,Farmhouse,high,"Classic black-and-white mosaic tile floor, white pedestal sink, traditional sconce lighting, and craftsman-style window trim.","photorealistic renovated interior, professional real estate photography, high detail","photorealistic renovated interior, professional real estate photography, high detail, pale gray walls with white trim, black and white tile flooring, classic chrome sconce, traditional cottage",train
/home/jupyter/dataset_lora/after/bathroom__8db07619badad053ee_v2.jpg,8db07619badad053ee,v2,bathroom,"pale gray walls with white trim, black and white tile flooring, classic chrome sconce, traditional cottage",Traditional,Farmhouse,high,"Classic black-and-white mosaic tile floor, white pedestal sink, traditional sconce lighting, and craftsman-style window trim.","photorealistic renovated interior, professional real estate photography, high detail","photorealistic renovated interior, professional real estate photography, high detail, pale gray walls with white trim, black and white tile flooring, classic chrome sconce, traditional cottage",train
/home/jupyter/dataset_lora/after/bathroom__8db07619badad053ee_v3.jpg,8db07619badad053ee,v3,bathroom,"pale gray walls with white trim, black and white tile flooring, classic chrome sconce, traditional cottage",Traditional,Farmhouse,high,"Classic black-and-white mosaic tile floor, white pedestal sink, traditional sconce lighting, and craftsman-style window trim.","photorealistic renovated interior, professional real estate photography, high detail","photorealistic renovated interior, professional real estate photography, high detail, pale gray walls with white trim, black and white tile flooring, classic chrome sconce, traditional cottage",train
/home/jupyter/dataset_lora/after/bathroom__8db07619badad053ee_v4.jpg,8db07619badad053ee,v4,bathroom,"pale gray walls with white trim, black and white tile flooring, classic chrome sconce, traditional cottage",Traditional,Farmhouse,high,"Classic black-and-white mosaic tile floor, white pedestal sink, traditional sconce lighting, and craftsman-style window trim.","photorealistic renovated interior, professional real estate photography, high detail","photorealistic renovated interior, professional real estate photography, high detail, pale gray walls with white trim, black and white tile flooring, classic chrome sconce, traditional cottage",train
/home/jupyter/dataset_lora/after/bathroom__bd98af46d2f2e69f13_orig.jpg,bd98af46d2f2e69f13,orig,bathroom,"wood plank accent wall, charcoal double vanity with marble top, gray tile flooring, black industrial sconces, modern rustic",Contemporary,Rustic,high,"Wood plank accent wall, marble vanity countertop, clean-lined dark gray cabinetry, industrial black sconces, and large gray floor tiles.","photorealistic renovated interior, professional real estate photography, high detail","photorealistic renovated interior, professional real estate photography, high detail, wood plank accent wall, charcoal double vanity with marble top, gray tile flooring, black industrial sconces, modern rustic",train
/home/jupyter/dataset_lora/after/bathroom__bd98af46d2f2e69f13_v0.jpg,bd98af46d2f2e69f13,v0,bathroom,"wood plank accent wall, charcoal double vanity with marble top, gray tile flooring, black industrial sconces, modern rustic",Contemporary,Rustic,high,"Wood plank accent wall, marble vanity countertop, clean-lined dark gray cabinetry, industrial black sconces, and large gray floor tiles.","photorealistic renovated interior, professional real estate photography, high detail","photorealistic renovated interior, professional real estate photography, high detail, wood plank accent wall, charcoal double vanity with marble top, gray tile flooring, black industrial sconces, modern rustic",train
/home/jupyter/dataset_lora/after/bathroom__bd98af46d2f2e69f13_v1.jpg,bd98af46d2f2e69f13,v1,bathroom,"wood plank accent wall, charcoal double vanity with marble top, gray tile flooring, black industrial sconces, modern rustic",Contemporary,Rustic,high,"Wood plank accent wall, marble vanity countertop, clean-lined dark gray cabinetry, industrial black sconces, and large gray floor tiles.","photorealistic renovated interior, professional real estate photography, high detail","photorealistic renovated interior, professional real estate photography, high detail, wood plank accent wall, charcoal double vanity with marble top, gray tile flooring, black industrial sconces, modern rustic",train
/home/jupyter/dataset_lora/after/bathroom__bd98af46d2f2e69f13_v2.jpg,bd98af46d2f2e69f13,v2,bathroom,"wood plank accent wall, charcoal double vanity with marble top, gray tile flooring, black industrial sconces, modern rustic",Contemporary,Rustic,high,"Wood plank accent wall, marble vanity countertop, clean-lined dark gray cabinetry, industrial black sconces, and large gray floor tiles.","photorealistic renovated interior, professional real estate photography, high detail","photorealistic renovated interior, professional real estate photography, high detail, wood plank accent wall, charcoal double vanity with marble top, gray tile flooring, black industrial sconces, modern rustic",train
/home/jupyter/dataset_lora/after/bathroom__bd98af46d2f2e69f13_v3.jpg,bd98af46d2f2e69f13,v3,bathroom,"wood plank accent wall, charcoal double vanity with marble top, gray tile flooring, black industrial sconces, modern rustic",Contemporary,Rustic,high,"Wood plank accent wall, marble vanity countertop, clean-lined dark gray cabinetry, industrial black sconces, and large gray floor tiles.","photorealistic renovated interior, professional real estate photography, high detail","photorealistic renovated interior, professional real estate photography, high detail, wood plank accent wall, charcoal double vanity with marble top, gray tile flooring, black industrial sconces, modern rustic",train
/home/jupyter/dataset_lora/after/bathroom__bd98af46d2f2e69f13_v4.jpg,bd98af46d2f2e69f13,v4,bathroom,"wood plank accent wall, charcoal double vanity with marble top, gray tile flooring, black industrial sconces, modern rustic",Contemporary,Rustic,high,"Wood plank accent wall, marble vanity countertop, clean-lined dark gray cabinetry, industrial black sconces, and large gray floor tiles.","photorealistic renovated interior, professional real estate photography, high detail","photorealistic renovated interior, professional real estate photography, high detail, wood plank accent wall, charcoal double vanity with marble top, gray tile flooring, black industrial sconces, modern rustic",train
/home/jupyter/dataset_lora/after/bathroom__e80883dfda6c1bc7fe_orig.jpg,e80883dfda6c1bc7fe,orig,bathroom,"crisp white walls, white shaker vanity, patterned grey cement tile flooring, bright natural light, transitional chic",Traditional,Contemporary,high,"White shaker cabinets, arched window, patterned floor tiles, round gold mirror, and a bright white color palette.","photorealistic renovated interior, professional real estate photography, high detail","photorealistic renovated interior, professional real estate photography, high detail, crisp white walls, white shaker vanity, patterned grey cement tile flooring, bright natural light, transitional chic",train
/home/jupyter/dataset_lora/after/bathroom__e80883dfda6c1bc7fe_v0.jpg,e80883dfda6c1bc7fe,v0,bathroom,"crisp white walls, white shaker vanity, patterned grey cement tile flooring, bright natural light, transitional chic",Traditional,Contemporary,high,"White shaker cabinets, arched window, patterned floor tiles, round gold mirror, and a bright white color palette.","photorealistic renovated interior, professional real estate photography, high detail","photorealistic renovated interior, professional real estate photography, high detail, crisp white walls, white shaker vanity, patterned grey cement tile flooring, bright natural light, transitional chic",train
/home/jupyter/dataset_lora/after/bathroom__e80883dfda6c1bc7fe_v1.jpg,e80883dfda6c1bc7fe,v1,bathroom,"crisp white walls, white shaker vanity, patterned grey cement tile flooring, bright natural light, transitional chic",Traditional,Contemporary,high,"White shaker cabinets, arched window, patterned floor tiles, round gold mirror, and a bright white color palette.","photorealistic renovated interior, professional real estate photography, high detail","photorealistic renovated interior, professional real estate photography, high detail, crisp white walls, white shaker vanity, patterned grey cement tile flooring, bright natural light, transitional chic",train
/home/jupyter/dataset_lora/after/bathroom__e80883dfda6c1bc7fe_v2.jpg,e80883dfda6c1bc7fe,v2,bathroom,"crisp white walls, white shaker vanity, patterned grey cement tile flooring, bright natural light, transitional chic",Traditional,Contemporary,high,"White shaker cabinets, arched window, patterned floor tiles, round gold mirror, and a bright white color palette.","photorealistic renovated interior, professional real estate photography, high detail","photorealistic renovated interior, professional real estate photography, high detail, crisp white walls, white shaker vanity, patterned grey cement tile flooring, bright natural light, transitional chic",train
/home/jupyter/dataset_lora/after/bathroom__e80883dfda6c1bc7fe_v3.jpg,e80883dfda6c1bc7fe,v3,bathroom,"crisp white walls, white shaker vanity, patterned grey cement tile flooring, bright natural light, transitional chic",Traditional,Contemporary,high,"White shaker cabinets, arched window, patterned floor tiles, round gold mirror, and a bright white color palette.","photorealistic renovated interior, professional real estate photography, high detail","photorealistic renovated interior, professional real estate photography, high detail, crisp white walls, white shaker vanity, patterned grey cement tile flooring, bright natural light, transitional chic",train
/home/jupyter/dataset_lora/after/bathroom__e80883dfda6c1bc7fe_v4.jpg,e80883dfda6c1bc7fe,v4,bathroom,"crisp white walls, white shaker vanity, patterned grey cement tile flooring, bright natural light, transitional chic",Traditional,Contemporary,high,"White shaker cabinets, arched window, patterned floor tiles, round gold mirror, and a bright white color palette.","photorealistic renovated interior, professional real estate photography, high detail","photorealistic renovated interior, professional real estate photography, high detail, crisp white walls, white shaker vanity, patterned grey cement tile flooring, bright natural light, transitional chic",train
/home/jupyter/dataset_lora/after/bathroom__f046b472a0ff15ea16_orig.jpg,f046b472a0ff15ea16,orig,bathroom,"soft gray walls, slate gray vanity with marble top, marble basketweave tile flooring, brass sconces, transitional",Traditional,Contemporary,high,"Shaker-style grey vanity, marble basketweave floor tile, brass shaded sconces, oval black-framed mirror, and cool grey palette.","photorealistic renovated interior, professional real estate photography, high detail","photorealistic renovated interior, professional real estate photography, high detail, soft gray walls, slate gray vanity with marble top, marble basketweave tile flooring, brass sconces, transitional",train
/home/jupyter/dataset_lora/after/bathroom__f046b472a0ff15ea16_v0.jpg,f046b472a0ff15ea16,v0,bathroom,"soft gray walls, slate gray vanity with marble top, marble basketweave tile flooring, brass sconces, transitional",Traditional,Contemporary,high,"Shaker-style grey vanity, marble basketweave floor tile, brass shaded sconces, oval black-framed mirror, and cool grey palette.","photorealistic renovated interior, professional real estate photography, high detail","photorealistic renovated interior, professional real estate photography, high detail, soft gray walls, slate gray vanity with marble top, marble basketweave tile flooring, brass sconces, transitional",train
/home/jupyter/dataset_lora/after/bathroom__f046b472a0ff15ea16_v1.jpg,f046b472a0ff15ea16,v1,bathroom,"soft gray walls, slate gray vanity with marble top, marble basketweave tile flooring, brass sconces, transitional",Traditional,Contemporary,high,"Shaker-style grey vanity, marble basketweave floor tile, brass shaded sconces, oval black-framed mirror, and cool grey palette.","photorealistic renovated interior, professional real estate photography, high detail","photorealistic renovated interior, professional real estate photography, high detail, soft gray walls, slate gray vanity with marble top, marble basketweave tile flooring, brass sconces, transitional",train
/home/jupyter/dataset_lora/after/bathroom__f046b472a0ff15ea16_v2.jpg,f046b472a0ff15ea16,v2,bathroom,"soft gray walls, slate gray vanity with marble top, marble basketweave tile flooring, brass sconces, transitional",Traditional,Contemporary,high,"Shaker-style grey vanity, marble basketweave floor tile, brass shaded sconces, oval black-framed mirror, and cool grey palette.","photorealistic renovated interior, professional real estate photography, high detail","photorealistic renovated interior, professional real estate photography, high detail, soft gray walls, slate gray vanity with marble top, marble basketweave tile flooring, brass sconces, transitional",train
/home/jupyter/dataset_lora/after/bathroom__f046b472a0ff15ea16_v3.jpg,f046b472a0ff15ea16,v3,bathroom,"soft gray walls, slate gray vanity with marble top, marble basketweave tile flooring, brass sconces, transitional",Traditional,Contemporary,high,"Shaker-style grey vanity, marble basketweave floor tile, brass shaded sconces, oval black-framed mirror, and cool grey palette.","photorealistic renovated interior, professional real estate photography, high detail","photorealistic renovated interior, professional real estate photography, high detail, soft gray walls, slate gray vanity with marble top, marble basketweave tile flooring, brass sconces, transitional",train
/home/jupyter/dataset_lora/after/bathroom__f046b472a0ff15ea16_v4.jpg,f046b472a0ff15ea16,v4,bathroom,"soft gray walls, slate gray vanity with marble top, marble basketweave tile flooring, brass sconces, transitional",Traditional,Contemporary,high,"Shaker-style grey vanity, marble basketweave floor tile, brass shaded sconces, oval black-framed mirror, and cool grey palette.","photorealistic renovated interior, professional real estate photography, high detail","photorealistic renovated interior, professional real estate photography, high detail, soft gray walls, slate gray vanity with marble top, marble basketweave tile flooring, brass sconces, transitional",train
/home/jupyter/dataset_lora/after/bedroom__0b64e23d52dbf5e547_orig.jpg,0b64e23d52dbf5e547,orig,bedroom,"warm white walls, textured wood nightstand, bouclé upholstered headboard, paper lantern pendant, ceramic table lamp, organic modern",Scandinavian,Contemporary,high,"Neutral palette, paper lantern pendant, bouclé headboard, curved light wood nightstand, minimalist line art, and organic ceramic lamp.","photorealistic renovated interior, professional real estate photography, high detail","photorealistic renovated interior, professional real estate photography, high detail, warm white walls, textured wood nightstand, bouclé upholstered headboard, paper lantern pendant, ceramic table lamp, organic modern",train
/home/jupyter/dataset_lora/after/bedroom__0b64e23d52dbf5e547_v0.jpg,0b64e23d52dbf5e547,v0,bedroom,"warm white walls, textured wood nightstand, bouclé upholstered headboard, paper lantern pendant, ceramic table lamp, organic modern",Scandinavian,Contemporary,high,"Neutral palette, paper lantern pendant, bouclé headboard, curved light wood nightstand, minimalist line art, and organic ceramic lamp.","photorealistic renovated interior, professional real estate photography, high detail","photorealistic renovated interior, professional real estate photography, high detail, warm white walls, textured wood nightstand, bouclé upholstered headboard, paper lantern pendant, ceramic table lamp, organic modern",train
/home/jupyter/dataset_lora/after/bedroom__0b64e23d52dbf5e547_v1.jpg,0b64e23d52dbf5e547,v1,bedroom,"warm white walls, textured wood nightstand, bouclé upholstered headboard, paper lantern pendant, ceramic table lamp, organic modern",Scandinavian,Contemporary,high,"Neutral palette, paper lantern pendant, bouclé headboard, curved light wood nightstand, minimalist line art, and organic ceramic lamp.","photorealistic renovated interior, professional real estate photography, high detail","photorealistic renovated interior, professional real estate photography, high detail, warm white walls, textured wood nightstand, bouclé upholstered headboard, paper lantern pendant, ceramic table lamp, organic modern",train
/home/jupyter/dataset_lora/after/bedroom__0b64e23d52dbf5e547_v2.jpg,0b64e23d52dbf5e547,v2,bedroom,"warm white walls, textured wood nightstand, bouclé upholstered headboard, paper lantern pendant, ceramic table lamp, organic modern",Scandinavian,Contemporary,high,"Neutral palette, paper lantern pendant, bouclé headboard, curved light wood nightstand, minimalist line art, and organic ceramic lamp.","photorealistic renovated interior, professional real estate photography, high detail","photorealistic renovated interior, professional real estate photography, high detail, warm white walls, textured wood nightstand, bouclé upholstered headboard, paper lantern pendant, ceramic table lamp, organic modern",train
/home/jupyter/dataset_lora/after/bedroom__0b64e23d52dbf5e547_v3.jpg,0b64e23d52dbf5e547,v3,bedroom,"warm white walls, textured wood nightstand, bouclé upholstered headboard, paper lantern pendant, ceramic table lamp, organic modern",Scandinavian,Contemporary,high,"Neutral palette, paper lantern pendant, bouclé headboard, curved light wood nightstand, minimalist line art, and organic ceramic lamp.","photorealistic renovated interior, professional real estate photography, high detail","photorealistic renovated interior, professional real estate photography, high detail, warm white walls, textured wood nightstand, bouclé upholstered headboard, paper lantern pendant, ceramic table lamp, organic modern",train
/home/jupyter/dataset_lora/after/bedroom__0b64e23d52dbf5e547_v4.jpg,0b64e23d52dbf5e547,v4,bedroom,"warm white walls, textured wood nightstand, bouclé upholstered headboard, paper lantern pendant, ceramic table lamp, organic modern",Scandinavian,Contemporary,high,"Neutral palette, paper lantern pendant, bouclé headboard, curved light wood nightstand, minimalist line art, and organic ceramic lamp.","photorealistic renovated interior, professional real estate photography, high detail","photorealistic renovated interior, professional real estate photography, high detail, warm white walls, textured wood nightstand, bouclé upholstered headboard, paper lantern pendant, ceramic table lamp, organic modern",train
/home/jupyter/dataset_lora/after/bedroom__15ce8c5e355603038d_orig.jpg,15ce8c5e355603038d,orig,bedroom,"soft greige walls, weathered gray dresser, light travertine tile flooring, textured gray bedding, contemporary transitional",Contemporary,Modern,medium,"Sleek gray dresser with clean lines, neutral color palette, herringbone bedding, and a large textured dark-framed mirror.","photorealistic renovated interior, professional real estate photography, high detail","photorealistic renovated interior, professional real estate photography, high detail, soft greige walls, weathered gray dresser, light travertine tile flooring, textured gray bedding, contemporary transitional",train
/home/jupyter/dataset_lora/after/bedroom__15ce8c5e355603038d_v0.jpg,15ce8c5e355603038d,v0,bedroom,"soft greige walls, weathered gray dresser, light travertine tile flooring, textured gray bedding, contemporary transitional",Contemporary,Modern,medium,"Sleek gray dresser with clean lines, neutral color palette, herringbone bedding, and a large textured dark-framed mirror.","photorealistic renovated interior, professional real estate photography, high detail","photorealistic renovated interior, professional real estate photography, high detail, soft greige walls, weathered gray dresser, light travertine tile flooring, textured gray bedding, contemporary transitional",train
/home/jupyter/dataset_lora/after/bedroom__15ce8c5e355603038d_v1.jpg,15ce8c5e355603038d,v1,bedroom,"soft greige walls, weathered gray dresser, light travertine tile flooring, textured gray bedding, contemporary transitional",Contemporary,Modern,medium,"Sleek gray dresser with clean lines, neutral color palette, herringbone bedding, and a large textured dark-framed mirror.","photorealistic renovated interior, professional real estate photography, high detail","photorealistic renovated interior, professional real estate photography, high detail, soft greige walls, weathered gray dresser, light travertine tile flooring, textured gray bedding, contemporary transitional",train
/home/jupyter/dataset_lora/after/bedroom__15ce8c5e355603038d_v2.jpg,15ce8c5e355603038d,v2,bedroom,"soft greige walls, weathered gray dresser, light travertine tile flooring, textured gray bedding, contemporary transitional",Contemporary,Modern,medium,"Sleek gray dresser with clean lines, neutral color palette, herringbone bedding, and a large textured dark-framed mirror.","photorealistic renovated interior, professional real estate photography, high detail","photorealistic renovated interior, professional real estate photography, high detail, soft greige walls, weathered gray dresser, light travertine tile flooring, textured gray bedding, contemporary transitional",train
/home/jupyter/dataset_lora/after/bedroom__15ce8c5e355603038d_v3.jpg,15ce8c5e355603038d,v3,bedroom,"soft greige walls, weathered gray dresser, light travertine tile flooring, textured gray bedding, contemporary transitional",Contemporary,Modern,medium,"Sleek gray dresser with clean lines, neutral color palette, herringbone bedding, and a large textured dark-framed mirror.","photorealistic renovated interior, professional real estate photography, high detail","photorealistic renovated interior, professional real estate photography, high detail, soft greige walls, weathered gray dresser, light travertine tile flooring, textured gray bedding, contemporary transitional",train
/home/jupyter/dataset_lora/after/bedroom__15ce8c5e355603038d_v4.jpg,15ce8c5e355603038d,v4,bedroom,"soft greige walls, weathered gray dresser, light travertine tile flooring, textured gray bedding, contemporary transitional",Contemporary,Modern,medium,"Sleek gray dresser with clean lines, neutral color palette, herringbone bedding, and a large textured dark-framed mirror.","photorealistic renovated interior, professional real estate photography, high detail","photorealistic renovated interior, professional real estate photography, high detail, soft greige walls, weathered gray dresser, light travertine tile flooring, textured gray bedding, contemporary transitional",train
/home/jupyter/dataset_lora/after/bedroom__16009aeefa7993aca7_orig.jpg,16009aeefa7993aca7,orig,bedroom,"light gray walls with soft yellow ceiling, dark wood flooring, gold geometric pendant lighting, contemporary mid-century modern",Contemporary,Mid-Century Modern,high,"Upholstered platform bed, geometric gold pendant, tapered-leg accent chair, abstract art, bold striped rug, and mustard yellow accents.","photorealistic renovated interior, professional real estate photography, high detail","photorealistic renovated interior, professional real estate photography, high detail, light gray walls with soft yellow ceiling, dark wood flooring, gold geometric pendant lighting, contemporary mid-century modern",train
/home/jupyter/dataset_lora/after/bedroom__16009aeefa7993aca7_v0.jpg,16009aeefa7993aca7,v0,bedroom,"light gray walls with soft yellow ceiling, dark wood flooring, gold geometric pendant lighting, contemporary mid-century modern",Contemporary,Mid-Century Modern,high,"Upholstered platform bed, geometric gold pendant, tapered-leg accent chair, abstract art, bold striped rug, and mustard yellow accents.","photorealistic renovated interior, professional real estate photography, high detail","photorealistic renovated interior, professional real estate photography, high detail, light gray walls with soft yellow ceiling, dark wood flooring, gold geometric pendant lighting, contemporary mid-century modern",train
/home/jupyter/dataset_lora/after/bedroom__16009aeefa7993aca7_v1.jpg,16009aeefa7993aca7,v1,bedroom,"light gray walls with soft yellow ceiling, dark wood flooring, gold geometric pendant lighting, contemporary mid-century modern",Contemporary,Mid-Century Modern,high,"Upholstered platform bed, geometric gold pendant, tapered-leg accent chair, abstract art, bold striped rug, and mustard yellow accents.","photorealistic renovated interior, professional real estate photography, high detail","photorealistic renovated interior, professional real estate photography, high detail, light gray walls with soft yellow ceiling, dark wood flooring, gold geometric pendant lighting, contemporary mid-century modern",train
/home/jupyter/dataset_lora/after/bedroom__16009aeefa7993aca7_v2.jpg,16009aeefa7993aca7,v2,bedroom,"light gray walls with soft yellow ceiling, dark wood flooring, gold geometric pendant lighting, contemporary mid-century modern",Contemporary,Mid-Century Modern,high,"Upholstered platform bed, geometric gold pendant, tapered-leg accent chair, abstract art, bold striped rug, and mustard yellow accents.","photorealistic renovated interior, professional real estate photography, high detail","photorealistic renovated interior, professional real estate photography, high detail, light gray walls with soft yellow ceiling, dark wood flooring, gold geometric pendant lighting, contemporary mid-century modern",train
/home/jupyter/dataset_lora/after/bedroom__16009aeefa7993aca7_v3.jpg,16009aeefa7993aca7,v3,bedroom,"light gray walls with soft yellow ceiling, dark wood flooring, gold geometric pendant lighting, contemporary mid-century modern",Contemporary,Mid-Century Modern,high,"Upholstered platform bed, geometric gold pendant, tapered-leg accent chair, abstract art, bold striped rug, and mustard yellow accents.","photorealistic renovated interior, professional real estate photography, high detail","photorealistic renovated interior, professional real estate photography, high detail, light gray walls with soft yellow ceiling, dark wood flooring, gold geometric pendant lighting, contemporary mid-century modern",train
/home/jupyter/dataset_lora/after/bedroom__16009aeefa7993aca7_v4.jpg,16009aeefa7993aca7,v4,bedroom,"light gray walls with soft yellow ceiling, dark wood flooring, gold geometric pendant lighting, contemporary mid-century modern",Contemporary,Mid-Century Modern,high,"Upholstered platform bed, geometric gold pendant, tapered-leg accent chair, abstract art, bold striped rug, and mustard yellow accents.","photorealistic renovated interior, professional real estate photography, high detail","photorealistic renovated interior, professional real estate photography, high detail, light gray walls with soft yellow ceiling, dark wood flooring, gold geometric pendant lighting, contemporary mid-century modern",train
/home/jupyter/dataset_lora/after/bedroom__1c6470e1576c6fc954_orig.jpg,1c6470e1576c6fc954,orig,bedroom,"pink chinoiserie wallpaper, light wood nightstands, patterned black and white rug, black table lamps, modern chinoiserie",Glam,Traditional,high,"Pink chinoiserie wallpaper, emerald and pink velvet pillows, leopard print accents, and a scalloped boucle wood bed frame.","photorealistic renovated interior, professional real estate photography, high detail","photorealistic renovated interior, professional real estate photography, high detail, pink chinoiserie wallpaper, light wood nightstands, patterned black and white rug, black table lamps, modern chinoiserie",train
/home/jupyter/dataset_lora/after/bedroom__1c6470e1576c6fc954_v0.jpg,1c6470e1576c6fc954,v0,bedroom,"pink chinoiserie wallpaper, light wood nightstands, patterned black and white rug, black table lamps, modern chinoiserie",Glam,Traditional,high,"Pink chinoiserie wallpaper, emerald and pink velvet pillows, leopard print accents, and a scalloped boucle wood bed frame.","photorealistic renovated interior, professional real estate photography, high detail","photorealistic renovated interior, professional real estate photography, high detail, pink chinoiserie wallpaper, light wood nightstands, patterned black and white rug, black table lamps, modern chinoiserie",train
/home/jupyter/dataset_lora/after/bedroom__1c6470e1576c6fc954_v1.jpg,1c6470e1576c6fc954,v1,bedroom,"pink chinoiserie wallpaper, light wood nightstands, patterned black and white rug, black table lamps, modern chinoiserie",Glam,Traditional,high,"Pink chinoiserie wallpaper, emerald and pink velvet pillows, leopard print accents, and a scalloped boucle wood bed frame.","photorealistic renovated interior, professional real estate photography, high detail","photorealistic renovated interior, professional real estate photography, high detail, pink chinoiserie wallpaper, light wood nightstands, patterned black and white rug, black table lamps, modern chinoiserie",train
/home/jupyter/dataset_lora/after/bedroom__1c6470e1576c6fc954_v2.jpg,1c6470e1576c6fc954,v2,bedroom,"pink chinoiserie wallpaper, light wood nightstands, patterned black and white rug, black table lamps, modern chinoiserie",Glam,Traditional,high,"Pink chinoiserie wallpaper, emerald and pink velvet pillows, leopard print accents, and a scalloped boucle wood bed frame.","photorealistic renovated interior, professional real estate photography, high detail","photorealistic renovated interior, professional real estate photography, high detail, pink chinoiserie wallpaper, light wood nightstands, patterned black and white rug, black table lamps, modern chinoiserie",train
/home/jupyter/dataset_lora/after/bedroom__1c6470e1576c6fc954_v3.jpg,1c6470e1576c6fc954,v3,bedroom,"pink chinoiserie wallpaper, light wood nightstands, patterned black and white rug, black table lamps, modern chinoiserie",Glam,Traditional,high,"Pink chinoiserie wallpaper, emerald and pink velvet pillows, leopard print accents, and a scalloped boucle wood bed frame.","photorealistic renovated interior, professional real estate photography, high detail","photorealistic renovated interior, professional real estate photography, high detail, pink chinoiserie wallpaper, light wood nightstands, patterned black and white rug, black table lamps, modern chinoiserie",train
/home/jupyter/dataset_lora/after/bedroom__1c6470e1576c6fc954_v4.jpg,1c6470e1576c6fc954,v4,bedroom,"pink chinoiserie wallpaper, light wood nightstands, patterned black and white rug, black table lamps, modern chinoiserie",Glam,Traditional,high,"Pink chinoiserie wallpaper, emerald and pink velvet pillows, leopard print accents, and a scalloped boucle wood bed frame.","photorealistic renovated interior, professional real estate photography, high detail","photorealistic renovated interior, professional real estate photography, high detail, pink chinoiserie wallpaper, light wood nightstands, patterned black and white rug, black table lamps, modern chinoiserie",train
/home/jupyter/dataset_lora/after/bedroom__25347e444234dec9bd_orig.jpg,25347e444234dec9bd,orig,bedroom,"sage green shiplap walls, dark wood floors, pink patterned rug, white dandelion pendant light, feminine cottagecore",Farmhouse,Traditional,high,"Sage green shiplap walls, tufted upholstered headboard, botanical prints, striped curtains, and a classic white nightstand.","photorealistic renovated interior, professional real estate photography, high detail","photorealistic renovated interior, professional real estate photography, high detail, sage green shiplap walls, dark wood floors, pink patterned rug, white dandelion pendant light, feminine cottagecore",train
/home/jupyter/dataset_lora/after/bedroom__25347e444234dec9bd_v0.jpg,25347e444234dec9bd,v0,bedroom,"sage green shiplap walls, dark wood floors, pink patterned rug, white dandelion pendant light, feminine cottagecore",Farmhouse,Traditional,high,"Sage green shiplap walls, tufted upholstered headboard, botanical prints, striped curtains, and a classic white nightstand.","photorealistic renovated interior, professional real estate photography, high detail","photorealistic renovated interior, professional real estate photography, high detail, sage green shiplap walls, dark wood floors, pink patterned rug, white dandelion pendant light, feminine cottagecore",train
/home/jupyter/dataset_lora/after/bedroom__25347e444234dec9bd_v1.jpg,25347e444234dec9bd,v1,bedroom,"sage green shiplap walls, dark wood floors, pink patterned rug, white dandelion pendant light, feminine cottagecore",Farmhouse,Traditional,high,"Sage green shiplap walls, tufted upholstered headboard, botanical prints, striped curtains, and a classic white nightstand.","photorealistic renovated interior, professional real estate photography, high detail","photorealistic renovated interior, professional real estate photography, high detail, sage green shiplap walls, dark wood floors, pink patterned rug, white dandelion pendant light, feminine cottagecore",train
/home/jupyter/dataset_lora/after/bedroom__25347e444234dec9bd_v2.jpg,25347e444234dec9bd,v2,bedroom,"sage green shiplap walls, dark wood floors, pink patterned rug, white dandelion pendant light, feminine cottagecore",Farmhouse,Traditional,high,"Sage green shiplap walls, tufted upholstered headboard, botanical prints, striped curtains, and a classic white nightstand.","photorealistic renovated interior, professional real estate photography, high detail","photorealistic renovated interior, professional real estate photography, high detail, sage green shiplap walls, dark wood floors, pink patterned rug, white dandelion pendant light, feminine cottagecore",train
/home/jupyter/dataset_lora/after/bedroom__25347e444234dec9bd_v3.jpg,25347e444234dec9bd,v3,bedroom,"sage green shiplap walls, dark wood floors, pink patterned rug, white dandelion pendant light, feminine cottagecore",Farmhouse,Traditional,high,"Sage green shiplap walls, tufted upholstered headboard, botanical prints, striped curtains, and a classic white nightstand.","photorealistic renovated interior, professional real estate photography, high detail","photorealistic renovated interior, professional real estate photography, high detail, sage green shiplap walls, dark wood floors, pink patterned rug, white dandelion pendant light, feminine cottagecore",train
/home/jupyter/dataset_lora/after/bedroom__25347e444234dec9bd_v4.jpg,25347e444234dec9bd,v4,bedroom,"sage green shiplap walls, dark wood floors, pink patterned rug, white dandelion pendant light, feminine cottagecore",Farmhouse,Traditional,high,"Sage green shiplap walls, tufted upholstered headboard, botanical prints, striped curtains, and a classic white nightstand.","photorealistic renovated interior, professional real estate photography, high detail","photorealistic renovated interior, professional real estate photography, high detail, sage green shiplap walls, dark wood floors, pink patterned rug, white dandelion pendant light, feminine cottagecore",train
/home/jupyter/dataset_lora/after/bedroom__253c04c76b80fa780f_orig.jpg,253c04c76b80fa780f,orig,bedroom,"teal board and batten accent wall, dark hardwood flooring, abstract patterned rug, modern brass chandelier, colorful contemporary",Contemporary,Mid-Century Modern,high,"Curved tub chairs, geometric pillows, abstract rug, brass half-moon mirror, and a multi-arm black and gold chandelier.","photorealistic renovated interior, professional real estate photography, high detail","photorealistic renovated interior, professional real estate photography, high detail, teal board and batten accent wall, dark hardwood flooring, abstract patterned rug, modern brass chandelier, colorful contemporary",train
/home/jupyter/dataset_lora/after/bedroom__253c04c76b80fa780f_v0.jpg,253c04c76b80fa780f,v0,bedroom,"teal board and batten accent wall, dark hardwood flooring, abstract patterned rug, modern brass chandelier, colorful contemporary",Contemporary,Mid-Century Modern,high,"Curved tub chairs, geometric pillows, abstract rug, brass half-moon mirror, and a multi-arm black and gold chandelier.","photorealistic renovated interior, professional real estate photography, high detail","photorealistic renovated interior, professional real estate photography, high detail, teal board and batten accent wall, dark hardwood flooring, abstract patterned rug, modern brass chandelier, colorful contemporary",train
/home/jupyter/dataset_lora/after/bedroom__253c04c76b80fa780f_v1.jpg,253c04c76b80fa780f,v1,bedroom,"teal board and batten accent wall, dark hardwood flooring, abstract patterned rug, modern brass chandelier, colorful contemporary",Contemporary,Mid-Century Modern,high,"Curved tub chairs, geometric pillows, abstract rug, brass half-moon mirror, and a multi-arm black and gold chandelier.","photorealistic renovated interior, professional real estate photography, high detail","photorealistic renovated interior, professional real estate photography, high detail, teal board and batten accent wall, dark hardwood flooring, abstract patterned rug, modern brass chandelier, colorful contemporary",train
/home/jupyter/dataset_lora/after/bedroom__253c04c76b80fa780f_v2.jpg,253c04c76b80fa780f,v2,bedroom,"teal board and batten accent wall, dark hardwood flooring, abstract patterned rug, modern brass chandelier, colorful contemporary",Contemporary,Mid-Century Modern,high,"Curved tub chairs, geometric pillows, abstract rug, brass half-moon mirror, and a multi-arm black and gold chandelier.","photorealistic renovated interior, professional real estate photography, high detail","photorealistic renovated interior, professional real estate photography, high detail, teal board and batten accent wall, dark hardwood flooring, abstract patterned rug, modern brass chandelier, colorful contemporary",train
/home/jupyter/dataset_lora/after/bedroom__253c04c76b80fa780f_v3.jpg,253c04c76b80fa780f,v3,bedroom,"teal board and batten accent wall, dark hardwood flooring, abstract patterned rug, modern brass chandelier, colorful contemporary",Contemporary,Mid-Century Modern,high,"Curved tub chairs, geometric pillows, abstract rug, brass half-moon mirror, and a multi-arm black and gold chandelier.","photorealistic renovated interior, professional real estate photography, high detail","photorealistic renovated interior, professional real estate photography, high detail, teal board and batten accent wall, dark hardwood flooring, abstract patterned rug, modern brass chandelier, colorful contemporary",train
/home/jupyter/dataset_lora/after/bedroom__253c04c76b80fa780f_v4.jpg,253c04c76b80fa780f,v4,bedroom,"teal board and batten accent wall, dark hardwood flooring, abstract patterned rug, modern brass chandelier, colorful contemporary",Contemporary,Mid-Century Modern,high,"Curved tub chairs, geometric pillows, abstract rug, brass half-moon mirror, and a multi-arm black and gold chandelier.","photorealistic renovated interior, professional real estate photography, high detail","photorealistic renovated interior, professional real estate photography, high detail, teal board and batten accent wall, dark hardwood flooring, abstract patterned rug, modern brass chandelier, colorful contemporary",train
/home/jupyter/dataset_lora/after/bedroom__2d8e1a67156fad18bd_orig.jpg,2d8e1a67156fad18bd,orig,bedroom,"cream walls, dark blue trim, chevron ceiling, deep blue built-in wardrobes with brass hardware, light oak flooring, modern transitional",Contemporary,Traditional,high,"Deep blue shaker cabinets, gothic arch windows, brass T-bar hardware, chevron ceiling pattern, light oak floors, and woven baskets.","photorealistic renovated interior, professional real estate photography, high detail","photorealistic renovated interior, professional real estate photography, high detail, cream walls, dark blue trim, chevron ceiling, deep blue built-in wardrobes with brass hardware, light oak flooring, modern transitional",train
/home/jupyter/dataset_lora/after/bedroom__2d8e1a67156fad18bd_v0.jpg,2d8e1a67156fad18bd,v0,bedroom,"cream walls, dark blue trim, chevron ceiling, deep blue built-in wardrobes with brass hardware, light oak flooring, modern transitional",Contemporary,Traditional,high,"Deep blue shaker cabinets, gothic arch windows, brass T-bar hardware, chevron ceiling pattern, light oak floors, and woven baskets.","photorealistic renovated interior, professional real estate photography, high detail","photorealistic renovated interior, professional real estate photography, high detail, cream walls, dark blue trim, chevron ceiling, deep blue built-in wardrobes with brass hardware, light oak flooring, modern transitional",train
/home/jupyter/dataset_lora/after/bedroom__2d8e1a67156fad18bd_v1.jpg,2d8e1a67156fad18bd,v1,bedroom,"cream walls, dark blue trim, chevron ceiling, deep blue built-in wardrobes with brass hardware, light oak flooring, modern transitional",Contemporary,Traditional,high,"Deep blue shaker cabinets, gothic arch windows, brass T-bar hardware, chevron ceiling pattern, light oak floors, and woven baskets.","photorealistic renovated interior, professional real estate photography, high detail","photorealistic renovated interior, professional real estate photography, high detail, cream walls, dark blue trim, chevron ceiling, deep blue built-in wardrobes with brass hardware, light oak flooring, modern transitional",train
/home/jupyter/dataset_lora/after/bedroom__2d8e1a67156fad18bd_v2.jpg,2d8e1a67156fad18bd,v2,bedroom,"cream walls, dark blue trim, chevron ceiling, deep blue built-in wardrobes with brass hardware, light oak flooring, modern transitional",Contemporary,Traditional,high,"Deep blue shaker cabinets, gothic arch windows, brass T-bar hardware, chevron ceiling pattern, light oak floors, and woven baskets.","photorealistic renovated interior, professional real estate photography, high detail","photorealistic renovated interior, professional real estate photography, high detail, cream walls, dark blue trim, chevron ceiling, deep blue built-in wardrobes with brass hardware, light oak flooring, modern transitional",train
/home/jupyter/dataset_lora/after/bedroom__2d8e1a67156fad18bd_v3.jpg,2d8e1a67156fad18bd,v3,bedroom,"cream walls, dark blue trim, chevron ceiling, deep blue built-in wardrobes with brass hardware, light oak flooring, modern transitional",Contemporary,Traditional,high,"Deep blue shaker cabinets, gothic arch windows, brass T-bar hardware, chevron ceiling pattern, light oak floors, and woven baskets.","photorealistic renovated interior, professional real estate photography, high detail","photorealistic renovated interior, professional real estate photography, high detail, cream walls, dark blue trim, chevron ceiling, deep blue built-in wardrobes with brass hardware, light oak flooring, modern transitional",train
/home/jupyter/dataset_lora/after/bedroom__2d8e1a67156fad18bd_v4.jpg,2d8e1a67156fad18bd,v4,bedroom,"cream walls, dark blue trim, chevron ceiling, deep blue built-in wardrobes with brass hardware, light oak flooring, modern transitional",Contemporary,Traditional,high,"Deep blue shaker cabinets, gothic arch windows, brass T-bar hardware, chevron ceiling pattern, light oak floors, and woven baskets.","photorealistic renovated interior, professional real estate photography, high detail","photorealistic renovated interior, professional real estate photography, high detail, cream walls, dark blue trim, chevron ceiling, deep blue built-in wardrobes with brass hardware, light oak flooring, modern transitional",train
/home/jupyter/dataset_lora/after/bedroom__3bf5b071505e5f461c_orig.jpg,3bf5b071505e5f461c,orig,bedroom,"warm taupe walls, neutral upholstered furnishings, textured beige area rug, cascading crystal chandelier, transitional glam",Glam,Traditional,high,"Crystal bubble chandelier, tufted leather bench, ornate floor mirror, satin bedding, and a warm neutral taupe palette.","photorealistic renovated interior, professional real estate photography, high detail","photorealistic renovated interior, professional real estate photography, high detail, warm taupe walls, neutral upholstered furnishings, textured beige area rug, cascading crystal chandelier, transitional glam",train
/home/jupyter/dataset_lora/after/bedroom__3bf5b071505e5f461c_v0.jpg,3bf5b071505e5f461c,v0,bedroom,"warm taupe walls, neutral upholstered furnishings, textured beige area rug, cascading crystal chandelier, transitional glam",Glam,Traditional,high,"Crystal bubble chandelier, tufted leather bench, ornate floor mirror, satin bedding, and a warm neutral taupe palette.","photorealistic renovated interior, professional real estate photography, high detail","photorealistic renovated interior, professional real estate photography, high detail, warm taupe walls, neutral upholstered furnishings, textured beige area rug, cascading crystal chandelier, transitional glam",train
/home/jupyter/dataset_lora/after/bedroom__3bf5b071505e5f461c_v1.jpg,3bf5b071505e5f461c,v1,bedroom,"warm taupe walls, neutral upholstered furnishings, textured beige area rug, cascading crystal chandelier, transitional glam",Glam,Traditional,high,"Crystal bubble chandelier, tufted leather bench, ornate floor mirror, satin bedding, and a warm neutral taupe palette.","photorealistic renovated interior, professional real estate photography, high detail","photorealistic renovated interior, professional real estate photography, high detail, warm taupe walls, neutral upholstered furnishings, textured beige area rug, cascading crystal chandelier, transitional glam",train
/home/jupyter/dataset_lora/after/bedroom__3bf5b071505e5f461c_v2.jpg,3bf5b071505e5f461c,v2,bedroom,"warm taupe walls, neutral upholstered furnishings, textured beige area rug, cascading crystal chandelier, transitional glam",Glam,Traditional,high,"Crystal bubble chandelier, tufted leather bench, ornate floor mirror, satin bedding, and a warm neutral taupe palette.","photorealistic renovated interior, professional real estate photography, high detail","photorealistic renovated interior, professional real estate photography, high detail, warm taupe walls, neutral upholstered furnishings, textured beige area rug, cascading crystal chandelier, transitional glam",train
/home/jupyter/dataset_lora/after/bedroom__3bf5b071505e5f461c_v3.jpg,3bf5b071505e5f461c,v3,bedroom,"warm taupe walls, neutral upholstered furnishings, textured beige area rug, cascading crystal chandelier, transitional glam",Glam,Traditional,high,"Crystal bubble chandelier, tufted leather bench, ornate floor mirror, satin bedding, and a warm neutral taupe palette.","photorealistic renovated interior, professional real estate photography, high detail","photorealistic renovated interior, professional real estate photography, high detail, warm taupe walls, neutral upholstered furnishings, textured beige area rug, cascading crystal chandelier, transitional glam",train
/home/jupyter/dataset_lora/after/bedroom__3bf5b071505e5f461c_v4.jpg,3bf5b071505e5f461c,v4,bedroom,"warm taupe walls, neutral upholstered furnishings, textured beige area rug, cascading crystal chandelier, transitional glam",Glam,Traditional,high,"Crystal bubble chandelier, tufted leather bench, ornate floor mirror, satin bedding, and a warm neutral taupe palette.","photorealistic renovated interior, professional real estate photography, high detail","photorealistic renovated interior, professional real estate photography, high detail, warm taupe walls, neutral upholstered furnishings, textured beige area rug, cascading crystal chandelier, transitional glam",train
/home/jupyter/dataset_lora/after/bedroom__4443ccf802ba2c73b3_orig.jpg,4443ccf802ba2c73b3,orig,bedroom,"warm taupe walls, dark wood furniture, brown tile flooring with patterned rug, warm bedside lamps, eclectic transitional",Traditional,Bohemian,medium,"Dark wood furniture, symmetrical layout, sunburst mirror, paired with colorful patterned pillows, textured woven throw, and earthy tile flooring.","photorealistic renovated interior, professional real estate photography, high detail","photorealistic renovated interior, professional real estate photography, high detail, warm taupe walls, dark wood furniture, brown tile flooring with patterned rug, warm bedside lamps, eclectic transitional",train
/home/jupyter/dataset_lora/after/bedroom__4443ccf802ba2c73b3_v0.jpg,4443ccf802ba2c73b3,v0,bedroom,"warm taupe walls, dark wood furniture, brown tile flooring with patterned rug, warm bedside lamps, eclectic transitional",Traditional,Bohemian,medium,"Dark wood furniture, symmetrical layout, sunburst mirror, paired with colorful patterned pillows, textured woven throw, and earthy tile flooring.","photorealistic renovated interior, professional real estate photography, high detail","photorealistic renovated interior, professional real estate photography, high detail, warm taupe walls, dark wood furniture, brown tile flooring with patterned rug, warm bedside lamps, eclectic transitional",train
/home/jupyter/dataset_lora/after/bedroom__4443ccf802ba2c73b3_v1.jpg,4443ccf802ba2c73b3,v1,bedroom,"warm taupe walls, dark wood furniture, brown tile flooring with patterned rug, warm bedside lamps, eclectic transitional",Traditional,Bohemian,medium,"Dark wood furniture, symmetrical layout, sunburst mirror, paired with colorful patterned pillows, textured woven throw, and earthy tile flooring.","photorealistic renovated interior, professional real estate photography, high detail","photorealistic renovated interior, professional real estate photography, high detail, warm taupe walls, dark wood furniture, brown tile flooring with patterned rug, warm bedside lamps, eclectic transitional",train
/home/jupyter/dataset_lora/after/bedroom__4443ccf802ba2c73b3_v2.jpg,4443ccf802ba2c73b3,v2,bedroom,"warm taupe walls, dark wood furniture, brown tile flooring with patterned rug, warm bedside lamps, eclectic transitional",Traditional,Bohemian,medium,"Dark wood furniture, symmetrical layout, sunburst mirror, paired with colorful patterned pillows, textured woven throw, and earthy tile flooring.","photorealistic renovated interior, professional real estate photography, high detail","photorealistic renovated interior, professional real estate photography, high detail, warm taupe walls, dark wood furniture, brown tile flooring with patterned rug, warm bedside lamps, eclectic transitional",train
/home/jupyter/dataset_lora/after/bedroom__4443ccf802ba2c73b3_v3.jpg,4443ccf802ba2c73b3,v3,bedroom,"warm taupe walls, dark wood furniture, brown tile flooring with patterned rug, warm bedside lamps, eclectic transitional",Traditional,Bohemian,medium,"Dark wood furniture, symmetrical layout, sunburst mirror, paired with colorful patterned pillows, textured woven throw, and earthy tile flooring.","photorealistic renovated interior, professional real estate photography, high detail","photorealistic renovated interior, professional real estate photography, high detail, warm taupe walls, dark wood furniture, brown tile flooring with patterned rug, warm bedside lamps, eclectic transitional",train
/home/jupyter/dataset_lora/after/bedroom__4443ccf802ba2c73b3_v4.jpg,4443ccf802ba2c73b3,v4,bedroom,"warm taupe walls, dark wood furniture, brown tile flooring with patterned rug, warm bedside lamps, eclectic transitional",Traditional,Bohemian,medium,"Dark wood furniture, symmetrical layout, sunburst mirror, paired with colorful patterned pillows, textured woven throw, and earthy tile flooring.","photorealistic renovated interior, professional real estate photography, high detail","photorealistic renovated interior, professional real estate photography, high detail, warm taupe walls, dark wood furniture, brown tile flooring with patterned rug, warm bedside lamps, eclectic transitional",train
/home/jupyter/dataset_lora/after/bedroom__478ee73ba6a09dbe02_orig.jpg,478ee73ba6a09dbe02,orig,bedroom,"white walls with yellow star decals, bright yellow closet doors, light wood flooring, brass sputnik chandelier, playful modern",Mid-Century Modern,Modern,high,"Brass sputnik chandelier, globe table lamps, bright yellow upholstered headboard, white minimalist nightstands, and playful star-patterned wallpaper.","photorealistic renovated interior, professional real estate photography, high detail","photorealistic renovated interior, professional real estate photography, high detail, white walls with yellow star decals, bright yellow closet doors, light wood flooring, brass sputnik chandelier, playful modern",train
/home/jupyter/dataset_lora/after/bedroom__478ee73ba6a09dbe02_v0.jpg,478ee73ba6a09dbe02,v0,bedroom,"white walls with yellow star decals, bright yellow closet doors, light wood flooring, brass sputnik chandelier, playful modern",Mid-Century Modern,Modern,high,"Brass sputnik chandelier, globe table lamps, bright yellow upholstered headboard, white minimalist nightstands, and playful star-patterned wallpaper.","photorealistic renovated interior, professional real estate photography, high detail","photorealistic renovated interior, professional real estate photography, high detail, white walls with yellow star decals, bright yellow closet doors, light wood flooring, brass sputnik chandelier, playful modern",train
/home/jupyter/dataset_lora/after/bedroom__478ee73ba6a09dbe02_v1.jpg,478ee73ba6a09dbe02,v1,bedroom,"white walls with yellow star decals, bright yellow closet doors, light wood flooring, brass sputnik chandelier, playful modern",Mid-Century Modern,Modern,high,"Brass sputnik chandelier, globe table lamps, bright yellow upholstered headboard, white minimalist nightstands, and playful star-patterned wallpaper.","photorealistic renovated interior, professional real estate photography, high detail","photorealistic renovated interior, professional real estate photography, high detail, white walls with yellow star decals, bright yellow closet doors, light wood flooring, brass sputnik chandelier, playful modern",train
/home/jupyter/dataset_lora/after/bedroom__478ee73ba6a09dbe02_v2.jpg,478ee73ba6a09dbe02,v2,bedroom,"white walls with yellow star decals, bright yellow closet doors, light wood flooring, brass sputnik chandelier, playful modern",Mid-Century Modern,Modern,high,"Brass sputnik chandelier, globe table lamps, bright yellow upholstered headboard, white minimalist nightstands, and playful star-patterned wallpaper.","photorealistic renovated interior, professional real estate photography, high detail","photorealistic renovated interior, professional real estate photography, high detail, white walls with yellow star decals, bright yellow closet doors, light wood flooring, brass sputnik chandelier, playful modern",train
/home/jupyter/dataset_lora/after/bedroom__478ee73ba6a09dbe02_v3.jpg,478ee73ba6a09dbe02,v3,bedroom,"white walls with yellow star decals, bright yellow closet doors, light wood flooring, brass sputnik chandelier, playful modern",Mid-Century Modern,Modern,high,"Brass sputnik chandelier, globe table lamps, bright yellow upholstered headboard, white minimalist nightstands, and playful star-patterned wallpaper.","photorealistic renovated interior, professional real estate photography, high detail","photorealistic renovated interior, professional real estate photography, high detail, white walls with yellow star decals, bright yellow closet doors, light wood flooring, brass sputnik chandelier, playful modern",train
/home/jupyter/dataset_lora/after/bedroom__478ee73ba6a09dbe02_v4.jpg,478ee73ba6a09dbe02,v4,bedroom,"white walls with yellow star decals, bright yellow closet doors, light wood flooring, brass sputnik chandelier, playful modern",Mid-Century Modern,Modern,high,"Brass sputnik chandelier, globe table lamps, bright yellow upholstered headboard, white minimalist nightstands, and playful star-patterned wallpaper.","photorealistic renovated interior, professional real estate photography, high detail","photorealistic renovated interior, professional real estate photography, high detail, white walls with yellow star decals, bright yellow closet doors, light wood flooring, brass sputnik chandelier, playful modern",train
/home/jupyter/dataset_lora/after/bedroom__680f241ff29c9c9016_orig.jpg,680f241ff29c9c9016,orig,bedroom,"pastel cloud wallpaper, white open shelving, textured lavender area rug, woven dome pendant light, whimsical bohemian",Bohemian,Contemporary,high,"Woven pendant light, tufted pom-pom rug, draped pink canopy bed, whimsical patterned wallpaper, and clean-lined white shelving.","photorealistic renovated interior, professional real estate photography, high detail","photorealistic renovated interior, professional real estate photography, high detail, pastel cloud wallpaper, white open shelving, textured lavender area rug, woven dome pendant light, whimsical bohemian",train
/home/jupyter/dataset_lora/after/bedroom__680f241ff29c9c9016_v0.jpg,680f241ff29c9c9016,v0,bedroom,"pastel cloud wallpaper, white open shelving, textured lavender area rug, woven dome pendant light, whimsical bohemian",Bohemian,Contemporary,high,"Woven pendant light, tufted pom-pom rug, draped pink canopy bed, whimsical patterned wallpaper, and clean-lined white shelving.","photorealistic renovated interior, professional real estate photography, high detail","photorealistic renovated interior, professional real estate photography, high detail, pastel cloud wallpaper, white open shelving, textured lavender area rug, woven dome pendant light, whimsical bohemian",train
/home/jupyter/dataset_lora/after/bedroom__680f241ff29c9c9016_v1.jpg,680f241ff29c9c9016,v1,bedroom,"pastel cloud wallpaper, white open shelving, textured lavender area rug, woven dome pendant light, whimsical bohemian",Bohemian,Contemporary,high,"Woven pendant light, tufted pom-pom rug, draped pink canopy bed, whimsical patterned wallpaper, and clean-lined white shelving.","photorealistic renovated interior, professional real estate photography, high detail","photorealistic renovated interior, professional real estate photography, high detail, pastel cloud wallpaper, white open shelving, textured lavender area rug, woven dome pendant light, whimsical bohemian",train
/home/jupyter/dataset_lora/after/bedroom__680f241ff29c9c9016_v2.jpg,680f241ff29c9c9016,v2,bedroom,"pastel cloud wallpaper, white open shelving, textured lavender area rug, woven dome pendant light, whimsical bohemian",Bohemian,Contemporary,high,"Woven pendant light, tufted pom-pom rug, draped pink canopy bed, whimsical patterned wallpaper, and clean-lined white shelving.","photorealistic renovated interior, professional real estate photography, high detail","photorealistic renovated interior, professional real estate photography, high detail, pastel cloud wallpaper, white open shelving, textured lavender area rug, woven dome pendant light, whimsical bohemian",train
/home/jupyter/dataset_lora/after/bedroom__680f241ff29c9c9016_v3.jpg,680f241ff29c9c9016,v3,bedroom,"pastel cloud wallpaper, white open shelving, textured lavender area rug, woven dome pendant light, whimsical bohemian",Bohemian,Contemporary,high,"Woven pendant light, tufted pom-pom rug, draped pink canopy bed, whimsical patterned wallpaper, and clean-lined white shelving.","photorealistic renovated interior, professional real estate photography, high detail","photorealistic renovated interior, professional real estate photography, high detail, pastel cloud wallpaper, white open shelving, textured lavender area rug, woven dome pendant light, whimsical bohemian",train
/home/jupyter/dataset_lora/after/bedroom__680f241ff29c9c9016_v4.jpg,680f241ff29c9c9016,v4,bedroom,"pastel cloud wallpaper, white open shelving, textured lavender area rug, woven dome pendant light, whimsical bohemian",Bohemian,Contemporary,high,"Woven pendant light, tufted pom-pom rug, draped pink canopy bed, whimsical patterned wallpaper, and clean-lined white shelving.","photorealistic renovated interior, professional real estate photography, high detail","photorealistic renovated interior, professional real estate photography, high detail, pastel cloud wallpaper, white open shelving, textured lavender area rug, woven dome pendant light, whimsical bohemian",train
/home/jupyter/dataset_lora/after/bedroom__699f36b468d38afa25_orig.jpg,699f36b468d38afa25,orig,bedroom,"cream walls, white built-in bookshelves, hardwood flooring with light rug, traditional table lamps and brass sconces, classic traditional",Traditional,Bohemian,high,"Antique books, Louis-style chair, dark wood writing desk, brass sconces, and global-patterned ottomans with relaxed linen bedding.","photorealistic renovated interior, professional real estate photography, high detail","photorealistic renovated interior, professional real estate photography, high detail, cream walls, white built-in bookshelves, hardwood flooring with light rug, traditional table lamps and brass sconces, classic traditional",train
/home/jupyter/dataset_lora/after/bedroom__699f36b468d38afa25_v0.jpg,699f36b468d38afa25,v0,bedroom,"cream walls, white built-in bookshelves, hardwood flooring with light rug, traditional table lamps and brass sconces, classic traditional",Traditional,Bohemian,high,"Antique books, Louis-style chair, dark wood writing desk, brass sconces, and global-patterned ottomans with relaxed linen bedding.","photorealistic renovated interior, professional real estate photography, high detail","photorealistic renovated interior, professional real estate photography, high detail, cream walls, white built-in bookshelves, hardwood flooring with light rug, traditional table lamps and brass sconces, classic traditional",train
/home/jupyter/dataset_lora/after/bedroom__699f36b468d38afa25_v1.jpg,699f36b468d38afa25,v1,bedroom,"cream walls, white built-in bookshelves, hardwood flooring with light rug, traditional table lamps and brass sconces, classic traditional",Traditional,Bohemian,high,"Antique books, Louis-style chair, dark wood writing desk, brass sconces, and global-patterned ottomans with relaxed linen bedding.","photorealistic renovated interior, professional real estate photography, high detail","photorealistic renovated interior, professional real estate photography, high detail, cream walls, white built-in bookshelves, hardwood flooring with light rug, traditional table lamps and brass sconces, classic traditional",train
/home/jupyter/dataset_lora/after/bedroom__699f36b468d38afa25_v2.jpg,699f36b468d38afa25,v2,bedroom,"cream walls, white built-in bookshelves, hardwood flooring with light rug, traditional table lamps and brass sconces, classic traditional",Traditional,Bohemian,high,"Antique books, Louis-style chair, dark wood writing desk, brass sconces, and global-patterned ottomans with relaxed linen bedding.","photorealistic renovated interior, professional real estate photography, high detail","photorealistic renovated interior, professional real estate photography, high detail, cream walls, white built-in bookshelves, hardwood flooring with light rug, traditional table lamps and brass sconces, classic traditional",train
/home/jupyter/dataset_lora/after/bedroom__699f36b468d38afa25_v3.jpg,699f36b468d38afa25,v3,bedroom,"cream walls, white built-in bookshelves, hardwood flooring with light rug, traditional table lamps and brass sconces, classic traditional",Traditional,Bohemian,high,"Antique books, Louis-style chair, dark wood writing desk, brass sconces, and global-patterned ottomans with relaxed linen bedding.","photorealistic renovated interior, professional real estate photography, high detail","photorealistic renovated interior, professional real estate photography, high detail, cream walls, white built-in bookshelves, hardwood flooring with light rug, traditional table lamps and brass sconces, classic traditional",train
/home/jupyter/dataset_lora/after/bedroom__699f36b468d38afa25_v4.jpg,699f36b468d38afa25,v4,bedroom,"cream walls, white built-in bookshelves, hardwood flooring with light rug, traditional table lamps and brass sconces, classic traditional",Traditional,Bohemian,high,"Antique books, Louis-style chair, dark wood writing desk, brass sconces, and global-patterned ottomans with relaxed linen bedding.","photorealistic renovated interior, professional real estate photography, high detail","photorealistic renovated interior, professional real estate photography, high detail, cream walls, white built-in bookshelves, hardwood flooring with light rug, traditional table lamps and brass sconces, classic traditional",train
/home/jupyter/dataset_lora/after/bedroom__6d1aaeaaa0be0404f5_orig.jpg,6d1aaeaaa0be0404f5,orig,bedroom,"striped accent wall, walnut nightstand, oak flooring with patterned rug, drum flush mount and modern lamps, modern bohemian",Contemporary,Mid-Century Modern,high,"Tapered-leg bench, organic-shaped armchair, walnut nightstand, geometric patterned rug, striped accent wall, and neutral textured bedding.","photorealistic renovated interior, professional real estate photography, high detail","photorealistic renovated interior, professional real estate photography, high detail, striped accent wall, walnut nightstand, oak flooring with patterned rug, drum flush mount and modern lamps, modern bohemian",train
/home/jupyter/dataset_lora/after/bedroom__6d1aaeaaa0be0404f5_v0.jpg,6d1aaeaaa0be0404f5,v0,bedroom,"striped accent wall, walnut nightstand, oak flooring with patterned rug, drum flush mount and modern lamps, modern bohemian",Contemporary,Mid-Century Modern,high,"Tapered-leg bench, organic-shaped armchair, walnut nightstand, geometric patterned rug, striped accent wall, and neutral textured bedding.","photorealistic renovated interior, professional real estate photography, high detail","photorealistic renovated interior, professional real estate photography, high detail, striped accent wall, walnut nightstand, oak flooring with patterned rug, drum flush mount and modern lamps, modern bohemian",train
/home/jupyter/dataset_lora/after/bedroom__6d1aaeaaa0be0404f5_v1.jpg,6d1aaeaaa0be0404f5,v1,bedroom,"striped accent wall, walnut nightstand, oak flooring with patterned rug, drum flush mount and modern lamps, modern bohemian",Contemporary,Mid-Century Modern,high,"Tapered-leg bench, organic-shaped armchair, walnut nightstand, geometric patterned rug, striped accent wall, and neutral textured bedding.","photorealistic renovated interior, professional real estate photography, high detail","photorealistic renovated interior, professional real estate photography, high detail, striped accent wall, walnut nightstand, oak flooring with patterned rug, drum flush mount and modern lamps, modern bohemian",train
/home/jupyter/dataset_lora/after/bedroom__6d1aaeaaa0be0404f5_v2.jpg,6d1aaeaaa0be0404f5,v2,bedroom,"striped accent wall, walnut nightstand, oak flooring with patterned rug, drum flush mount and modern lamps, modern bohemian",Contemporary,Mid-Century Modern,high,"Tapered-leg bench, organic-shaped armchair, walnut nightstand, geometric patterned rug, striped accent wall, and neutral textured bedding.","photorealistic renovated interior, professional real estate photography, high detail","photorealistic renovated interior, professional real estate photography, high detail, striped accent wall, walnut nightstand, oak flooring with patterned rug, drum flush mount and modern lamps, modern bohemian",train
/home/jupyter/dataset_lora/after/bedroom__6d1aaeaaa0be0404f5_v3.jpg,6d1aaeaaa0be0404f5,v3,bedroom,"striped accent wall, walnut nightstand, oak flooring with patterned rug, drum flush mount and modern lamps, modern bohemian",Contemporary,Mid-Century Modern,high,"Tapered-leg bench, organic-shaped armchair, walnut nightstand, geometric patterned rug, striped accent wall, and neutral textured bedding.","photorealistic renovated interior, professional real estate photography, high detail","photorealistic renovated interior, professional real estate photography, high detail, striped accent wall, walnut nightstand, oak flooring with patterned rug, drum flush mount and modern lamps, modern bohemian",train
/home/jupyter/dataset_lora/after/bedroom__6d1aaeaaa0be0404f5_v4.jpg,6d1aaeaaa0be0404f5,v4,bedroom,"striped accent wall, walnut nightstand, oak flooring with patterned rug, drum flush mount and modern lamps, modern bohemian",Contemporary,Mid-Century Modern,high,"Tapered-leg bench, organic-shaped armchair, walnut nightstand, geometric patterned rug, striped accent wall, and neutral textured bedding.","photorealistic renovated interior, professional real estate photography, high detail","photorealistic renovated interior, professional real estate photography, high detail, striped accent wall, walnut nightstand, oak flooring with patterned rug, drum flush mount and modern lamps, modern bohemian",train
/home/jupyter/dataset_lora/after/bedroom__8852128dbb5abc064e_orig.jpg,8852128dbb5abc064e,orig,bedroom,"blush pink walls, green velvet headboard, patterned shag rug over carpet, brass dome sconces, modern bohemian",Bohemian,Mid-Century Modern,high,"Macrame wall hanging, Moroccan shag rug, rattan side table, brass dome sconces, and a green velvet channel-tufted headboard.","photorealistic renovated interior, professional real estate photography, high detail","photorealistic renovated interior, professional real estate photography, high detail, blush pink walls, green velvet headboard, patterned shag rug over carpet, brass dome sconces, modern bohemian",train
/home/jupyter/dataset_lora/after/bedroom__8852128dbb5abc064e_v0.jpg,8852128dbb5abc064e,v0,bedroom,"blush pink walls, green velvet headboard, patterned shag rug over carpet, brass dome sconces, modern bohemian",Bohemian,Mid-Century Modern,high,"Macrame wall hanging, Moroccan shag rug, rattan side table, brass dome sconces, and a green velvet channel-tufted headboard.","photorealistic renovated interior, professional real estate photography, high detail","photorealistic renovated interior, professional real estate photography, high detail, blush pink walls, green velvet headboard, patterned shag rug over carpet, brass dome sconces, modern bohemian",train
/home/jupyter/dataset_lora/after/bedroom__8852128dbb5abc064e_v1.jpg,8852128dbb5abc064e,v1,bedroom,"blush pink walls, green velvet headboard, patterned shag rug over carpet, brass dome sconces, modern bohemian",Bohemian,Mid-Century Modern,high,"Macrame wall hanging, Moroccan shag rug, rattan side table, brass dome sconces, and a green velvet channel-tufted headboard.","photorealistic renovated interior, professional real estate photography, high detail","photorealistic renovated interior, professional real estate photography, high detail, blush pink walls, green velvet headboard, patterned shag rug over carpet, brass dome sconces, modern bohemian",train
/home/jupyter/dataset_lora/after/bedroom__8852128dbb5abc064e_v2.jpg,8852128dbb5abc064e,v2,bedroom,"blush pink walls, green velvet headboard, patterned shag rug over carpet, brass dome sconces, modern bohemian",Bohemian,Mid-Century Modern,high,"Macrame wall hanging, Moroccan shag rug, rattan side table, brass dome sconces, and a green velvet channel-tufted headboard.","photorealistic renovated interior, professional real estate photography, high detail","photorealistic renovated interior, professional real estate photography, high detail, blush pink walls, green velvet headboard, patterned shag rug over carpet, brass dome sconces, modern bohemian",train
/home/jupyter/dataset_lora/after/bedroom__8852128dbb5abc064e_v3.jpg,8852128dbb5abc064e,v3,bedroom,"blush pink walls, green velvet headboard, patterned shag rug over carpet, brass dome sconces, modern bohemian",Bohemian,Mid-Century Modern,high,"Macrame wall hanging, Moroccan shag rug, rattan side table, brass dome sconces, and a green velvet channel-tufted headboard.","photorealistic renovated interior, professional real estate photography, high detail","photorealistic renovated interior, professional real estate photography, high detail, blush pink walls, green velvet headboard, patterned shag rug over carpet, brass dome sconces, modern bohemian",train
/home/jupyter/dataset_lora/after/bedroom__8852128dbb5abc064e_v4.jpg,8852128dbb5abc064e,v4,bedroom,"blush pink walls, green velvet headboard, patterned shag rug over carpet, brass dome sconces, modern bohemian",Bohemian,Mid-Century Modern,high,"Macrame wall hanging, Moroccan shag rug, rattan side table, brass dome sconces, and a green velvet channel-tufted headboard.","photorealistic renovated interior, professional real estate photography, high detail","photorealistic renovated interior, professional real estate photography, high detail, blush pink walls, green velvet headboard, patterned shag rug over carpet, brass dome sconces, modern bohemian",train
/home/jupyter/dataset_lora/after/bedroom__916bab9adaa173605d_orig.jpg,916bab9adaa173605d,orig,bedroom,"cream walls, white drapery, light wood flooring with striped rug, white ceramic table lamps, coastal transitional",Traditional,Coastal,high,"Carved wooden nightstand, Louis XVI chair, striped blue rug, breezy white curtains, and a black metal canopy bed.","photorealistic renovated interior, professional real estate photography, high detail","photorealistic renovated interior, professional real estate photography, high detail, cream walls, white drapery, light wood flooring with striped rug, white ceramic table lamps, coastal transitional",train
/home/jupyter/dataset_lora/after/bedroom__916bab9adaa173605d_v0.jpg,916bab9adaa173605d,v0,bedroom,"cream walls, white drapery, light wood flooring with striped rug, white ceramic table lamps, coastal transitional",Traditional,Coastal,high,"Carved wooden nightstand, Louis XVI chair, striped blue rug, breezy white curtains, and a black metal canopy bed.","photorealistic renovated interior, professional real estate photography, high detail","photorealistic renovated interior, professional real estate photography, high detail, cream walls, white drapery, light wood flooring with striped rug, white ceramic table lamps, coastal transitional",train
/home/jupyter/dataset_lora/after/bedroom__916bab9adaa173605d_v1.jpg,916bab9adaa173605d,v1,bedroom,"cream walls, white drapery, light wood flooring with striped rug, white ceramic table lamps, coastal transitional",Traditional,Coastal,high,"Carved wooden nightstand, Louis XVI chair, striped blue rug, breezy white curtains, and a black metal canopy bed.","photorealistic renovated interior, professional real estate photography, high detail","photorealistic renovated interior, professional real estate photography, high detail, cream walls, white drapery, light wood flooring with striped rug, white ceramic table lamps, coastal transitional",train
/home/jupyter/dataset_lora/after/bedroom__916bab9adaa173605d_v2.jpg,916bab9adaa173605d,v2,bedroom,"cream walls, white drapery, light wood flooring with striped rug, white ceramic table lamps, coastal transitional",Traditional,Coastal,high,"Carved wooden nightstand, Louis XVI chair, striped blue rug, breezy white curtains, and a black metal canopy bed.","photorealistic renovated interior, professional real estate photography, high detail","photorealistic renovated interior, professional real estate photography, high detail, cream walls, white drapery, light wood flooring with striped rug, white ceramic table lamps, coastal transitional",train
/home/jupyter/dataset_lora/after/bedroom__916bab9adaa173605d_v3.jpg,916bab9adaa173605d,v3,bedroom,"cream walls, white drapery, light wood flooring with striped rug, white ceramic table lamps, coastal transitional",Traditional,Coastal,high,"Carved wooden nightstand, Louis XVI chair, striped blue rug, breezy white curtains, and a black metal canopy bed.","photorealistic renovated interior, professional real estate photography, high detail","photorealistic renovated interior, professional real estate photography, high detail, cream walls, white drapery, light wood flooring with striped rug, white ceramic table lamps, coastal transitional",train
/home/jupyter/dataset_lora/after/bedroom__916bab9adaa173605d_v4.jpg,916bab9adaa173605d,v4,bedroom,"cream walls, white drapery, light wood flooring with striped rug, white ceramic table lamps, coastal transitional",Traditional,Coastal,high,"Carved wooden nightstand, Louis XVI chair, striped blue rug, breezy white curtains, and a black metal canopy bed.","photorealistic renovated interior, professional real estate photography, high detail","photorealistic renovated interior, professional real estate photography, high detail, cream walls, white drapery, light wood flooring with striped rug, white ceramic table lamps, coastal transitional",train
/home/jupyter/dataset_lora/after/bedroom__99ad8bc49d0a74cf29_orig.jpg,99ad8bc49d0a74cf29,orig,bedroom,"pale gray walls, sage green accents, light oak flooring, woven area rug, drum pendant light, transitional",Traditional,Coastal,high,"Cane-back wingback chairs, pedestal table, ocean wave artwork, sage green drapes, and a soft neutral color palette.","photorealistic renovated interior, professional real estate photography, high detail","photorealistic renovated interior, professional real estate photography, high detail, pale gray walls, sage green accents, light oak flooring, woven area rug, drum pendant light, transitional",train
/home/jupyter/dataset_lora/after/bedroom__99ad8bc49d0a74cf29_v0.jpg,99ad8bc49d0a74cf29,v0,bedroom,"pale gray walls, sage green accents, light oak flooring, woven area rug, drum pendant light, transitional",Traditional,Coastal,high,"Cane-back wingback chairs, pedestal table, ocean wave artwork, sage green drapes, and a soft neutral color palette.","photorealistic renovated interior, professional real estate photography, high detail","photorealistic renovated interior, professional real estate photography, high detail, pale gray walls, sage green accents, light oak flooring, woven area rug, drum pendant light, transitional",train
/home/jupyter/dataset_lora/after/bedroom__99ad8bc49d0a74cf29_v1.jpg,99ad8bc49d0a74cf29,v1,bedroom,"pale gray walls, sage green accents, light oak flooring, woven area rug, drum pendant light, transitional",Traditional,Coastal,high,"Cane-back wingback chairs, pedestal table, ocean wave artwork, sage green drapes, and a soft neutral color palette.","photorealistic renovated interior, professional real estate photography, high detail","photorealistic renovated interior, professional real estate photography, high detail, pale gray walls, sage green accents, light oak flooring, woven area rug, drum pendant light, transitional",train
/home/jupyter/dataset_lora/after/bedroom__99ad8bc49d0a74cf29_v2.jpg,99ad8bc49d0a74cf29,v2,bedroom,"pale gray walls, sage green accents, light oak flooring, woven area rug, drum pendant light, transitional",Traditional,Coastal,high,"Cane-back wingback chairs, pedestal table, ocean wave artwork, sage green drapes, and a soft neutral color palette.","photorealistic renovated interior, professional real estate photography, high detail","photorealistic renovated interior, professional real estate photography, high detail, pale gray walls, sage green accents, light oak flooring, woven area rug, drum pendant light, transitional",train
/home/jupyter/dataset_lora/after/bedroom__99ad8bc49d0a74cf29_v3.jpg,99ad8bc49d0a74cf29,v3,bedroom,"pale gray walls, sage green accents, light oak flooring, woven area rug, drum pendant light, transitional",Traditional,Coastal,high,"Cane-back wingback chairs, pedestal table, ocean wave artwork, sage green drapes, and a soft neutral color palette.","photorealistic renovated interior, professional real estate photography, high detail","photorealistic renovated interior, professional real estate photography, high detail, pale gray walls, sage green accents, light oak flooring, woven area rug, drum pendant light, transitional",train
/home/jupyter/dataset_lora/after/bedroom__99ad8bc49d0a74cf29_v4.jpg,99ad8bc49d0a74cf29,v4,bedroom,"pale gray walls, sage green accents, light oak flooring, woven area rug, drum pendant light, transitional",Traditional,Coastal,high,"Cane-back wingback chairs, pedestal table, ocean wave artwork, sage green drapes, and a soft neutral color palette.","photorealistic renovated interior, professional real estate photography, high detail","photorealistic renovated interior, professional real estate photography, high detail, pale gray walls, sage green accents, light oak flooring, woven area rug, drum pendant light, transitional",train
/home/jupyter/dataset_lora/after/bedroom__a1010aae5625a40323_orig.jpg,a1010aae5625a40323,orig,bedroom,"soft greige walls, navy nightstands with gold hardware, travertine tile with patterned area rug, metallic table lamps, transitional",Contemporary,Traditional,high,"Symmetrical layout, script-patterned headboard, striped bench, abstract triptych art, lacquered nightstands with gold hardware, and textured metallic lamps.","photorealistic renovated interior, professional real estate photography, high detail","photorealistic renovated interior, professional real estate photography, high detail, soft greige walls, navy nightstands with gold hardware, travertine tile with patterned area rug, metallic table lamps, transitional",train
/home/jupyter/dataset_lora/after/bedroom__a1010aae5625a40323_v0.jpg,a1010aae5625a40323,v0,bedroom,"soft greige walls, navy nightstands with gold hardware, travertine tile with patterned area rug, metallic table lamps, transitional",Contemporary,Traditional,high,"Symmetrical layout, script-patterned headboard, striped bench, abstract triptych art, lacquered nightstands with gold hardware, and textured metallic lamps.","photorealistic renovated interior, professional real estate photography, high detail","photorealistic renovated interior, professional real estate photography, high detail, soft greige walls, navy nightstands with gold hardware, travertine tile with patterned area rug, metallic table lamps, transitional",train
/home/jupyter/dataset_lora/after/bedroom__a1010aae5625a40323_v1.jpg,a1010aae5625a40323,v1,bedroom,"soft greige walls, navy nightstands with gold hardware, travertine tile with patterned area rug, metallic table lamps, transitional",Contemporary,Traditional,high,"Symmetrical layout, script-patterned headboard, striped bench, abstract triptych art, lacquered nightstands with gold hardware, and textured metallic lamps.","photorealistic renovated interior, professional real estate photography, high detail","photorealistic renovated interior, professional real estate photography, high detail, soft greige walls, navy nightstands with gold hardware, travertine tile with patterned area rug, metallic table lamps, transitional",train
/home/jupyter/dataset_lora/after/bedroom__a1010aae5625a40323_v2.jpg,a1010aae5625a40323,v2,bedroom,"soft greige walls, navy nightstands with gold hardware, travertine tile with patterned area rug, metallic table lamps, transitional",Contemporary,Traditional,high,"Symmetrical layout, script-patterned headboard, striped bench, abstract triptych art, lacquered nightstands with gold hardware, and textured metallic lamps.","photorealistic renovated interior, professional real estate photography, high detail","photorealistic renovated interior, professional real estate photography, high detail, soft greige walls, navy nightstands with gold hardware, travertine tile with patterned area rug, metallic table lamps, transitional",train
/home/jupyter/dataset_lora/after/bedroom__a1010aae5625a40323_v3.jpg,a1010aae5625a40323,v3,bedroom,"soft greige walls, navy nightstands with gold hardware, travertine tile with patterned area rug, metallic table lamps, transitional",Contemporary,Traditional,high,"Symmetrical layout, script-patterned headboard, striped bench, abstract triptych art, lacquered nightstands with gold hardware, and textured metallic lamps.","photorealistic renovated interior, professional real estate photography, high detail","photorealistic renovated interior, professional real estate photography, high detail, soft greige walls, navy nightstands with gold hardware, travertine tile with patterned area rug, metallic table lamps, transitional",train
/home/jupyter/dataset_lora/after/bedroom__a1010aae5625a40323_v4.jpg,a1010aae5625a40323,v4,bedroom,"soft greige walls, navy nightstands with gold hardware, travertine tile with patterned area rug, metallic table lamps, transitional",Contemporary,Traditional,high,"Symmetrical layout, script-patterned headboard, striped bench, abstract triptych art, lacquered nightstands with gold hardware, and textured metallic lamps.","photorealistic renovated interior, professional real estate photography, high detail","photorealistic renovated interior, professional real estate photography, high detail, soft greige walls, navy nightstands with gold hardware, travertine tile with patterned area rug, metallic table lamps, transitional",train
/home/jupyter/dataset_lora/after/bedroom__aa5c1538a0ed960645_orig.jpg,aa5c1538a0ed960645,orig,bedroom,"bright white walls with colorful accents, frosted glass wardrobe, light oak flooring, recessed lighting, contemporary eclectic",Contemporary,Scandinavian,high,"Light wood floors, white walls, frosted glass wardrobe, laser-cut geometric screen, and vibrant patterned textiles in teal and coral.","photorealistic renovated interior, professional real estate photography, high detail","photorealistic renovated interior, professional real estate photography, high detail, bright white walls with colorful accents, frosted glass wardrobe, light oak flooring, recessed lighting, contemporary eclectic",train
/home/jupyter/dataset_lora/after/bedroom__aa5c1538a0ed960645_v0.jpg,aa5c1538a0ed960645,v0,bedroom,"bright white walls with colorful accents, frosted glass wardrobe, light oak flooring, recessed lighting, contemporary eclectic",Contemporary,Scandinavian,high,"Light wood floors, white walls, frosted glass wardrobe, laser-cut geometric screen, and vibrant patterned textiles in teal and coral.","photorealistic renovated interior, professional real estate photography, high detail","photorealistic renovated interior, professional real estate photography, high detail, bright white walls with colorful accents, frosted glass wardrobe, light oak flooring, recessed lighting, contemporary eclectic",train
/home/jupyter/dataset_lora/after/bedroom__aa5c1538a0ed960645_v1.jpg,aa5c1538a0ed960645,v1,bedroom,"bright white walls with colorful accents, frosted glass wardrobe, light oak flooring, recessed lighting, contemporary eclectic",Contemporary,Scandinavian,high,"Light wood floors, white walls, frosted glass wardrobe, laser-cut geometric screen, and vibrant patterned textiles in teal and coral.","photorealistic renovated interior, professional real estate photography, high detail","photorealistic renovated interior, professional real estate photography, high detail, bright white walls with colorful accents, frosted glass wardrobe, light oak flooring, recessed lighting, contemporary eclectic",train
/home/jupyter/dataset_lora/after/bedroom__aa5c1538a0ed960645_v2.jpg,aa5c1538a0ed960645,v2,bedroom,"bright white walls with colorful accents, frosted glass wardrobe, light oak flooring, recessed lighting, contemporary eclectic",Contemporary,Scandinavian,high,"Light wood floors, white walls, frosted glass wardrobe, laser-cut geometric screen, and vibrant patterned textiles in teal and coral.","photorealistic renovated interior, professional real estate photography, high detail","photorealistic renovated interior, professional real estate photography, high detail, bright white walls with colorful accents, frosted glass wardrobe, light oak flooring, recessed lighting, contemporary eclectic",train
/home/jupyter/dataset_lora/after/bedroom__aa5c1538a0ed960645_v3.jpg,aa5c1538a0ed960645,v3,bedroom,"bright white walls with colorful accents, frosted glass wardrobe, light oak flooring, recessed lighting, contemporary eclectic",Contemporary,Scandinavian,high,"Light wood floors, white walls, frosted glass wardrobe, laser-cut geometric screen, and vibrant patterned textiles in teal and coral.","photorealistic renovated interior, professional real estate photography, high detail","photorealistic renovated interior, professional real estate photography, high detail, bright white walls with colorful accents, frosted glass wardrobe, light oak flooring, recessed lighting, contemporary eclectic",train
/home/jupyter/dataset_lora/after/bedroom__aa5c1538a0ed960645_v4.jpg,aa5c1538a0ed960645,v4,bedroom,"bright white walls with colorful accents, frosted glass wardrobe, light oak flooring, recessed lighting, contemporary eclectic",Contemporary,Scandinavian,high,"Light wood floors, white walls, frosted glass wardrobe, laser-cut geometric screen, and vibrant patterned textiles in teal and coral.","photorealistic renovated interior, professional real estate photography, high detail","photorealistic renovated interior, professional real estate photography, high detail, bright white walls with colorful accents, frosted glass wardrobe, light oak flooring, recessed lighting, contemporary eclectic",train
/home/jupyter/dataset_lora/after/bedroom__d6ce1f69256fe0bd03_orig.jpg,d6ce1f69256fe0bd03,orig,bedroom,"white walls with chevron ceiling, blue built-in dresser with brass hardware, light oak flooring, recessed lighting, modern eclectic",Contemporary,Traditional,medium,"Bold chevron ceiling, slate blue shaker cabinets with brass hardware, arched window trim, vintage clock, and phrenology busts.","photorealistic renovated interior, professional real estate photography, high detail","photorealistic renovated interior, professional real estate photography, high detail, white walls with chevron ceiling, blue built-in dresser with brass hardware, light oak flooring, recessed lighting, modern eclectic",train
/home/jupyter/dataset_lora/after/bedroom__d6ce1f69256fe0bd03_v0.jpg,d6ce1f69256fe0bd03,v0,bedroom,"white walls with chevron ceiling, blue built-in dresser with brass hardware, light oak flooring, recessed lighting, modern eclectic",Contemporary,Traditional,medium,"Bold chevron ceiling, slate blue shaker cabinets with brass hardware, arched window trim, vintage clock, and phrenology busts.","photorealistic renovated interior, professional real estate photography, high detail","photorealistic renovated interior, professional real estate photography, high detail, white walls with chevron ceiling, blue built-in dresser with brass hardware, light oak flooring, recessed lighting, modern eclectic",train
/home/jupyter/dataset_lora/after/bedroom__d6ce1f69256fe0bd03_v1.jpg,d6ce1f69256fe0bd03,v1,bedroom,"white walls with chevron ceiling, blue built-in dresser with brass hardware, light oak flooring, recessed lighting, modern eclectic",Contemporary,Traditional,medium,"Bold chevron ceiling, slate blue shaker cabinets with brass hardware, arched window trim, vintage clock, and phrenology busts.","photorealistic renovated interior, professional real estate photography, high detail","photorealistic renovated interior, professional real estate photography, high detail, white walls with chevron ceiling, blue built-in dresser with brass hardware, light oak flooring, recessed lighting, modern eclectic",train
/home/jupyter/dataset_lora/after/bedroom__d6ce1f69256fe0bd03_v2.jpg,d6ce1f69256fe0bd03,v2,bedroom,"white walls with chevron ceiling, blue built-in dresser with brass hardware, light oak flooring, recessed lighting, modern eclectic",Contemporary,Traditional,medium,"Bold chevron ceiling, slate blue shaker cabinets with brass hardware, arched window trim, vintage clock, and phrenology busts.","photorealistic renovated interior, professional real estate photography, high detail","photorealistic renovated interior, professional real estate photography, high detail, white walls with chevron ceiling, blue built-in dresser with brass hardware, light oak flooring, recessed lighting, modern eclectic",train
/home/jupyter/dataset_lora/after/bedroom__d6ce1f69256fe0bd03_v3.jpg,d6ce1f69256fe0bd03,v3,bedroom,"white walls with chevron ceiling, blue built-in dresser with brass hardware, light oak flooring, recessed lighting, modern eclectic",Contemporary,Traditional,medium,"Bold chevron ceiling, slate blue shaker cabinets with brass hardware, arched window trim, vintage clock, and phrenology busts.","photorealistic renovated interior, professional real estate photography, high detail","photorealistic renovated interior, professional real estate photography, high detail, white walls with chevron ceiling, blue built-in dresser with brass hardware, light oak flooring, recessed lighting, modern eclectic",train
/home/jupyter/dataset_lora/after/bedroom__d6ce1f69256fe0bd03_v4.jpg,d6ce1f69256fe0bd03,v4,bedroom,"white walls with chevron ceiling, blue built-in dresser with brass hardware, light oak flooring, recessed lighting, modern eclectic",Contemporary,Traditional,medium,"Bold chevron ceiling, slate blue shaker cabinets with brass hardware, arched window trim, vintage clock, and phrenology busts.","photorealistic renovated interior, professional real estate photography, high detail","photorealistic renovated interior, professional real estate photography, high detail, white walls with chevron ceiling, blue built-in dresser with brass hardware, light oak flooring, recessed lighting, modern eclectic",train
/home/jupyter/dataset_lora/after/bedroom__d9ebe4b249fb7069b5_orig.jpg,d9ebe4b249fb7069b5,orig,bedroom,"pale greige walls, black and white patterned bedding, dark wood flooring, metallic table lamps, modern glam",Glam,Contemporary,high,"Tufted nailhead headboard, metallic cabriole-leg side table, high-contrast black and white bedding, purple velvet pillow, and dark wood flooring.","photorealistic renovated interior, professional real estate photography, high detail","photorealistic renovated interior, professional real estate photography, high detail, pale greige walls, black and white patterned bedding, dark wood flooring, metallic table lamps, modern glam",train
/home/jupyter/dataset_lora/after/bedroom__d9ebe4b249fb7069b5_v0.jpg,d9ebe4b249fb7069b5,v0,bedroom,"pale greige walls, black and white patterned bedding, dark wood flooring, metallic table lamps, modern glam",Glam,Contemporary,high,"Tufted nailhead headboard, metallic cabriole-leg side table, high-contrast black and white bedding, purple velvet pillow, and dark wood flooring.","photorealistic renovated interior, professional real estate photography, high detail","photorealistic renovated interior, professional real estate photography, high detail, pale greige walls, black and white patterned bedding, dark wood flooring, metallic table lamps, modern glam",train
/home/jupyter/dataset_lora/after/bedroom__d9ebe4b249fb7069b5_v1.jpg,d9ebe4b249fb7069b5,v1,bedroom,"pale greige walls, black and white patterned bedding, dark wood flooring, metallic table lamps, modern glam",Glam,Contemporary,high,"Tufted nailhead headboard, metallic cabriole-leg side table, high-contrast black and white bedding, purple velvet pillow, and dark wood flooring.","photorealistic renovated interior, professional real estate photography, high detail","photorealistic renovated interior, professional real estate photography, high detail, pale greige walls, black and white patterned bedding, dark wood flooring, metallic table lamps, modern glam",train
/home/jupyter/dataset_lora/after/bedroom__d9ebe4b249fb7069b5_v2.jpg,d9ebe4b249fb7069b5,v2,bedroom,"pale greige walls, black and white patterned bedding, dark wood flooring, metallic table lamps, modern glam",Glam,Contemporary,high,"Tufted nailhead headboard, metallic cabriole-leg side table, high-contrast black and white bedding, purple velvet pillow, and dark wood flooring.","photorealistic renovated interior, professional real estate photography, high detail","photorealistic renovated interior, professional real estate photography, high detail, pale greige walls, black and white patterned bedding, dark wood flooring, metallic table lamps, modern glam",train
/home/jupyter/dataset_lora/after/bedroom__d9ebe4b249fb7069b5_v3.jpg,d9ebe4b249fb7069b5,v3,bedroom,"pale greige walls, black and white patterned bedding, dark wood flooring, metallic table lamps, modern glam",Glam,Contemporary,high,"Tufted nailhead headboard, metallic cabriole-leg side table, high-contrast black and white bedding, purple velvet pillow, and dark wood flooring.","photorealistic renovated interior, professional real estate photography, high detail","photorealistic renovated interior, professional real estate photography, high detail, pale greige walls, black and white patterned bedding, dark wood flooring, metallic table lamps, modern glam",train
/home/jupyter/dataset_lora/after/bedroom__d9ebe4b249fb7069b5_v4.jpg,d9ebe4b249fb7069b5,v4,bedroom,"pale greige walls, black and white patterned bedding, dark wood flooring, metallic table lamps, modern glam",Glam,Contemporary,high,"Tufted nailhead headboard, metallic cabriole-leg side table, high-contrast black and white bedding, purple velvet pillow, and dark wood flooring.","photorealistic renovated interior, professional real estate photography, high detail","photorealistic renovated interior, professional real estate photography, high detail, pale greige walls, black and white patterned bedding, dark wood flooring, metallic table lamps, modern glam",train
/home/jupyter/dataset_lora/after/bedroom__e348604d8eef3d1b54_orig.jpg,e348604d8eef3d1b54,orig,bedroom,"white painted brick walls, neutral palette, light wood flooring, cream area rug, modern ceramic table lamps, contemporary industrial loft",Contemporary,Industrial,high,"Exposed white brick walls, large loft window, clean-lined canopy bed, minimalist white nightstands, and vibrant butterfly art prints.","photorealistic renovated interior, professional real estate photography, high detail","photorealistic renovated interior, professional real estate photography, high detail, white painted brick walls, neutral palette, light wood flooring, cream area rug, modern ceramic table lamps, contemporary industrial loft",train
/home/jupyter/dataset_lora/after/bedroom__e348604d8eef3d1b54_v0.jpg,e348604d8eef3d1b54,v0,bedroom,"white painted brick walls, neutral palette, light wood flooring, cream area rug, modern ceramic table lamps, contemporary industrial loft",Contemporary,Industrial,high,"Exposed white brick walls, large loft window, clean-lined canopy bed, minimalist white nightstands, and vibrant butterfly art prints.","photorealistic renovated interior, professional real estate photography, high detail","photorealistic renovated interior, professional real estate photography, high detail, white painted brick walls, neutral palette, light wood flooring, cream area rug, modern ceramic table lamps, contemporary industrial loft",train
/home/jupyter/dataset_lora/after/bedroom__e348604d8eef3d1b54_v1.jpg,e348604d8eef3d1b54,v1,bedroom,"white painted brick walls, neutral palette, light wood flooring, cream area rug, modern ceramic table lamps, contemporary industrial loft",Contemporary,Industrial,high,"Exposed white brick walls, large loft window, clean-lined canopy bed, minimalist white nightstands, and vibrant butterfly art prints.","photorealistic renovated interior, professional real estate photography, high detail","photorealistic renovated interior, professional real estate photography, high detail, white painted brick walls, neutral palette, light wood flooring, cream area rug, modern ceramic table lamps, contemporary industrial loft",train
/home/jupyter/dataset_lora/after/bedroom__e348604d8eef3d1b54_v2.jpg,e348604d8eef3d1b54,v2,bedroom,"white painted brick walls, neutral palette, light wood flooring, cream area rug, modern ceramic table lamps, contemporary industrial loft",Contemporary,Industrial,high,"Exposed white brick walls, large loft window, clean-lined canopy bed, minimalist white nightstands, and vibrant butterfly art prints.","photorealistic renovated interior, professional real estate photography, high detail","photorealistic renovated interior, professional real estate photography, high detail, white painted brick walls, neutral palette, light wood flooring, cream area rug, modern ceramic table lamps, contemporary industrial loft",train
/home/jupyter/dataset_lora/after/bedroom__e348604d8eef3d1b54_v3.jpg,e348604d8eef3d1b54,v3,bedroom,"white painted brick walls, neutral palette, light wood flooring, cream area rug, modern ceramic table lamps, contemporary industrial loft",Contemporary,Industrial,high,"Exposed white brick walls, large loft window, clean-lined canopy bed, minimalist white nightstands, and vibrant butterfly art prints.","photorealistic renovated interior, professional real estate photography, high detail","photorealistic renovated interior, professional real estate photography, high detail, white painted brick walls, neutral palette, light wood flooring, cream area rug, modern ceramic table lamps, contemporary industrial loft",train
/home/jupyter/dataset_lora/after/bedroom__e348604d8eef3d1b54_v4.jpg,e348604d8eef3d1b54,v4,bedroom,"white painted brick walls, neutral palette, light wood flooring, cream area rug, modern ceramic table lamps, contemporary industrial loft",Contemporary,Industrial,high,"Exposed white brick walls, large loft window, clean-lined canopy bed, minimalist white nightstands, and vibrant butterfly art prints.","photorealistic renovated interior, professional real estate photography, high detail","photorealistic renovated interior, professional real estate photography, high detail, white painted brick walls, neutral palette, light wood flooring, cream area rug, modern ceramic table lamps, contemporary industrial loft",train
/home/jupyter/dataset_lora/after/bedroom__e4e61da454f4876b82_orig.jpg,e4e61da454f4876b82,orig,bedroom,"off-white walls, dark wood nightstands, dark wood flooring with shaggy area rug, patterned drum pendant light, contemporary",Contemporary,Traditional,medium,"Frosted glass drawer fronts, drum pendant light, shag rug, dark wood headboard, and red and brown floral bedding.","photorealistic renovated interior, professional real estate photography, high detail","photorealistic renovated interior, professional real estate photography, high detail, off-white walls, dark wood nightstands, dark wood flooring with shaggy area rug, patterned drum pendant light, contemporary",train
/home/jupyter/dataset_lora/after/bedroom__e4e61da454f4876b82_v0.jpg,e4e61da454f4876b82,v0,bedroom,"off-white walls, dark wood nightstands, dark wood flooring with shaggy area rug, patterned drum pendant light, contemporary",Contemporary,Traditional,medium,"Frosted glass drawer fronts, drum pendant light, shag rug, dark wood headboard, and red and brown floral bedding.","photorealistic renovated interior, professional real estate photography, high detail","photorealistic renovated interior, professional real estate photography, high detail, off-white walls, dark wood nightstands, dark wood flooring with shaggy area rug, patterned drum pendant light, contemporary",train
/home/jupyter/dataset_lora/after/bedroom__e4e61da454f4876b82_v1.jpg,e4e61da454f4876b82,v1,bedroom,"off-white walls, dark wood nightstands, dark wood flooring with shaggy area rug, patterned drum pendant light, contemporary",Contemporary,Traditional,medium,"Frosted glass drawer fronts, drum pendant light, shag rug, dark wood headboard, and red and brown floral bedding.","photorealistic renovated interior, professional real estate photography, high detail","photorealistic renovated interior, professional real estate photography, high detail, off-white walls, dark wood nightstands, dark wood flooring with shaggy area rug, patterned drum pendant light, contemporary",train
/home/jupyter/dataset_lora/after/bedroom__e4e61da454f4876b82_v2.jpg,e4e61da454f4876b82,v2,bedroom,"off-white walls, dark wood nightstands, dark wood flooring with shaggy area rug, patterned drum pendant light, contemporary",Contemporary,Traditional,medium,"Frosted glass drawer fronts, drum pendant light, shag rug, dark wood headboard, and red and brown floral bedding.","photorealistic renovated interior, professional real estate photography, high detail","photorealistic renovated interior, professional real estate photography, high detail, off-white walls, dark wood nightstands, dark wood flooring with shaggy area rug, patterned drum pendant light, contemporary",train
/home/jupyter/dataset_lora/after/bedroom__e4e61da454f4876b82_v3.jpg,e4e61da454f4876b82,v3,bedroom,"off-white walls, dark wood nightstands, dark wood flooring with shaggy area rug, patterned drum pendant light, contemporary",Contemporary,Traditional,medium,"Frosted glass drawer fronts, drum pendant light, shag rug, dark wood headboard, and red and brown floral bedding.","photorealistic renovated interior, professional real estate photography, high detail","photorealistic renovated interior, professional real estate photography, high detail, off-white walls, dark wood nightstands, dark wood flooring with shaggy area rug, patterned drum pendant light, contemporary",train
/home/jupyter/dataset_lora/after/bedroom__e4e61da454f4876b82_v4.jpg,e4e61da454f4876b82,v4,bedroom,"off-white walls, dark wood nightstands, dark wood flooring with shaggy area rug, patterned drum pendant light, contemporary",Contemporary,Traditional,medium,"Frosted glass drawer fronts, drum pendant light, shag rug, dark wood headboard, and red and brown floral bedding.","photorealistic renovated interior, professional real estate photography, high detail","photorealistic renovated interior, professional real estate photography, high detail, off-white walls, dark wood nightstands, dark wood flooring with shaggy area rug, patterned drum pendant light, contemporary",train
/home/jupyter/dataset_lora/after/bedroom__f5d10938791f877b7e_orig.jpg,f5d10938791f877b7e,orig,bedroom,"warm beige walls, dark hardwood flooring, warm ambient table and floor lamps, contemporary transitional",Contemporary,Traditional,high,"Dark wood four-poster bed, tufted ottoman, clean-lined white sofa, geometric lamps, warm color palette, and dark wood flooring.","photorealistic renovated interior, professional real estate photography, high detail","photorealistic renovated interior, professional real estate photography, high detail, warm beige walls, dark hardwood flooring, warm ambient table and floor lamps, contemporary transitional",train
/home/jupyter/dataset_lora/after/bedroom__f5d10938791f877b7e_v0.jpg,f5d10938791f877b7e,v0,bedroom,"warm beige walls, dark hardwood flooring, warm ambient table and floor lamps, contemporary transitional",Contemporary,Traditional,high,"Dark wood four-poster bed, tufted ottoman, clean-lined white sofa, geometric lamps, warm color palette, and dark wood flooring.","photorealistic renovated interior, professional real estate photography, high detail","photorealistic renovated interior, professional real estate photography, high detail, warm beige walls, dark hardwood flooring, warm ambient table and floor lamps, contemporary transitional",train
/home/jupyter/dataset_lora/after/bedroom__f5d10938791f877b7e_v1.jpg,f5d10938791f877b7e,v1,bedroom,"warm beige walls, dark hardwood flooring, warm ambient table and floor lamps, contemporary transitional",Contemporary,Traditional,high,"Dark wood four-poster bed, tufted ottoman, clean-lined white sofa, geometric lamps, warm color palette, and dark wood flooring.","photorealistic renovated interior, professional real estate photography, high detail","photorealistic renovated interior, professional real estate photography, high detail, warm beige walls, dark hardwood flooring, warm ambient table and floor lamps, contemporary transitional",train
/home/jupyter/dataset_lora/after/bedroom__f5d10938791f877b7e_v2.jpg,f5d10938791f877b7e,v2,bedroom,"warm beige walls, dark hardwood flooring, warm ambient table and floor lamps, contemporary transitional",Contemporary,Traditional,high,"Dark wood four-poster bed, tufted ottoman, clean-lined white sofa, geometric lamps, warm color palette, and dark wood flooring.","photorealistic renovated interior, professional real estate photography, high detail","photorealistic renovated interior, professional real estate photography, high detail, warm beige walls, dark hardwood flooring, warm ambient table and floor lamps, contemporary transitional",train
/home/jupyter/dataset_lora/after/bedroom__f5d10938791f877b7e_v3.jpg,f5d10938791f877b7e,v3,bedroom,"warm beige walls, dark hardwood flooring, warm ambient table and floor lamps, contemporary transitional",Contemporary,Traditional,high,"Dark wood four-poster bed, tufted ottoman, clean-lined white sofa, geometric lamps, warm color palette, and dark wood flooring.","photorealistic renovated interior, professional real estate photography, high detail","photorealistic renovated interior, professional real estate photography, high detail, warm beige walls, dark hardwood flooring, warm ambient table and floor lamps, contemporary transitional",train
/home/jupyter/dataset_lora/after/bedroom__f5d10938791f877b7e_v4.jpg,f5d10938791f877b7e,v4,bedroom,"warm beige walls, dark hardwood flooring, warm ambient table and floor lamps, contemporary transitional",Contemporary,Traditional,high,"Dark wood four-poster bed, tufted ottoman, clean-lined white sofa, geometric lamps, warm color palette, and dark wood flooring.","photorealistic renovated interior, professional real estate photography, high detail","photorealistic renovated interior, professional real estate photography, high detail, warm beige walls, dark hardwood flooring, warm ambient table and floor lamps, contemporary transitional",train
/home/jupyter/dataset_lora/after/dining_room__1054f9fcfaf0464936_orig.jpg,1054f9fcfaf0464936,orig,dining room,"warm beige walls, dark hardwood flooring with patterned rug, large white drum pendant light, transitional",Traditional,Contemporary,high,"Tufted upholstered chairs with nailhead trim, dark wood table, crown molding, geometric rug, and a large drum pendant light.","photorealistic renovated interior, professional real estate photography, high detail","photorealistic renovated interior, professional real estate photography, high detail, warm beige walls, dark hardwood flooring with patterned rug, large white drum pendant light, transitional",train
/home/jupyter/dataset_lora/after/dining_room__1054f9fcfaf0464936_v0.jpg,1054f9fcfaf0464936,v0,dining room,"warm beige walls, dark hardwood flooring with patterned rug, large white drum pendant light, transitional",Traditional,Contemporary,high,"Tufted upholstered chairs with nailhead trim, dark wood table, crown molding, geometric rug, and a large drum pendant light.","photorealistic renovated interior, professional real estate photography, high detail","photorealistic renovated interior, professional real estate photography, high detail, warm beige walls, dark hardwood flooring with patterned rug, large white drum pendant light, transitional",train
/home/jupyter/dataset_lora/after/dining_room__1054f9fcfaf0464936_v1.jpg,1054f9fcfaf0464936,v1,dining room,"warm beige walls, dark hardwood flooring with patterned rug, large white drum pendant light, transitional",Traditional,Contemporary,high,"Tufted upholstered chairs with nailhead trim, dark wood table, crown molding, geometric rug, and a large drum pendant light.","photorealistic renovated interior, professional real estate photography, high detail","photorealistic renovated interior, professional real estate photography, high detail, warm beige walls, dark hardwood flooring with patterned rug, large white drum pendant light, transitional",train
/home/jupyter/dataset_lora/after/dining_room__1054f9fcfaf0464936_v2.jpg,1054f9fcfaf0464936,v2,dining room,"warm beige walls, dark hardwood flooring with patterned rug, large white drum pendant light, transitional",Traditional,Contemporary,high,"Tufted upholstered chairs with nailhead trim, dark wood table, crown molding, geometric rug, and a large drum pendant light.","photorealistic renovated interior, professional real estate photography, high detail","photorealistic renovated interior, professional real estate photography, high detail, warm beige walls, dark hardwood flooring with patterned rug, large white drum pendant light, transitional",train
/home/jupyter/dataset_lora/after/dining_room__1054f9fcfaf0464936_v3.jpg,1054f9fcfaf0464936,v3,dining room,"warm beige walls, dark hardwood flooring with patterned rug, large white drum pendant light, transitional",Traditional,Contemporary,high,"Tufted upholstered chairs with nailhead trim, dark wood table, crown molding, geometric rug, and a large drum pendant light.","photorealistic renovated interior, professional real estate photography, high detail","photorealistic renovated interior, professional real estate photography, high detail, warm beige walls, dark hardwood flooring with patterned rug, large white drum pendant light, transitional",train
/home/jupyter/dataset_lora/after/dining_room__1054f9fcfaf0464936_v4.jpg,1054f9fcfaf0464936,v4,dining room,"warm beige walls, dark hardwood flooring with patterned rug, large white drum pendant light, transitional",Traditional,Contemporary,high,"Tufted upholstered chairs with nailhead trim, dark wood table, crown molding, geometric rug, and a large drum pendant light.","photorealistic renovated interior, professional real estate photography, high detail","photorealistic renovated interior, professional real estate photography, high detail, warm beige walls, dark hardwood flooring with patterned rug, large white drum pendant light, transitional",train
/home/jupyter/dataset_lora/after/dining_room__1aa6f696a929aa8f28_orig.jpg,1aa6f696a929aa8f28,orig,dining room,"light gray walls, dark wood cabinetry, granite countertops, travertine tile flooring, lantern pendant light, transitional",Traditional,Contemporary,high,"Dark wood cabinetry with crown molding, granite countertops, wrought iron railings, nailhead-trimmed leather stools, and stainless steel appliances.","photorealistic renovated interior, professional real estate photography, high detail","photorealistic renovated interior, professional real estate photography, high detail, light gray walls, dark wood cabinetry, granite countertops, travertine tile flooring, lantern pendant light, transitional",train
/home/jupyter/dataset_lora/after/dining_room__1aa6f696a929aa8f28_v0.jpg,1aa6f696a929aa8f28,v0,dining room,"light gray walls, dark wood cabinetry, granite countertops, travertine tile flooring, lantern pendant light, transitional",Traditional,Contemporary,high,"Dark wood cabinetry with crown molding, granite countertops, wrought iron railings, nailhead-trimmed leather stools, and stainless steel appliances.","photorealistic renovated interior, professional real estate photography, high detail","photorealistic renovated interior, professional real estate photography, high detail, light gray walls, dark wood cabinetry, granite countertops, travertine tile flooring, lantern pendant light, transitional",train
/home/jupyter/dataset_lora/after/dining_room__1aa6f696a929aa8f28_v1.jpg,1aa6f696a929aa8f28,v1,dining room,"light gray walls, dark wood cabinetry, granite countertops, travertine tile flooring, lantern pendant light, transitional",Traditional,Contemporary,high,"Dark wood cabinetry with crown molding, granite countertops, wrought iron railings, nailhead-trimmed leather stools, and stainless steel appliances.","photorealistic renovated interior, professional real estate photography, high detail","photorealistic renovated interior, professional real estate photography, high detail, light gray walls, dark wood cabinetry, granite countertops, travertine tile flooring, lantern pendant light, transitional",train
/home/jupyter/dataset_lora/after/dining_room__1aa6f696a929aa8f28_v2.jpg,1aa6f696a929aa8f28,v2,dining room,"light gray walls, dark wood cabinetry, granite countertops, travertine tile flooring, lantern pendant light, transitional",Traditional,Contemporary,high,"Dark wood cabinetry with crown molding, granite countertops, wrought iron railings, nailhead-trimmed leather stools, and stainless steel appliances.","photorealistic renovated interior, professional real estate photography, high detail","photorealistic renovated interior, professional real estate photography, high detail, light gray walls, dark wood cabinetry, granite countertops, travertine tile flooring, lantern pendant light, transitional",train
/home/jupyter/dataset_lora/after/dining_room__1aa6f696a929aa8f28_v3.jpg,1aa6f696a929aa8f28,v3,dining room,"light gray walls, dark wood cabinetry, granite countertops, travertine tile flooring, lantern pendant light, transitional",Traditional,Contemporary,high,"Dark wood cabinetry with crown molding, granite countertops, wrought iron railings, nailhead-trimmed leather stools, and stainless steel appliances.","photorealistic renovated interior, professional real estate photography, high detail","photorealistic renovated interior, professional real estate photography, high detail, light gray walls, dark wood cabinetry, granite countertops, travertine tile flooring, lantern pendant light, transitional",train
/home/jupyter/dataset_lora/after/dining_room__1aa6f696a929aa8f28_v4.jpg,1aa6f696a929aa8f28,v4,dining room,"light gray walls, dark wood cabinetry, granite countertops, travertine tile flooring, lantern pendant light, transitional",Traditional,Contemporary,high,"Dark wood cabinetry with crown molding, granite countertops, wrought iron railings, nailhead-trimmed leather stools, and stainless steel appliances.","photorealistic renovated interior, professional real estate photography, high detail","photorealistic renovated interior, professional real estate photography, high detail, light gray walls, dark wood cabinetry, granite countertops, travertine tile flooring, lantern pendant light, transitional",train
/home/jupyter/dataset_lora/after/dining_room__2d8860cc7a4b9f800d_orig.jpg,2d8860cc7a4b9f800d,orig,dining room,"peach and cream walls, white built-in bookcase, dark hardwood flooring, chrome chandelier, transitional dining room",Traditional,Contemporary,medium,"Dark wood slatted chairs, polished dining table, chrome chandelier, warm peach walls, bay window, and dark hardwood floors.","photorealistic renovated interior, professional real estate photography, high detail","photorealistic renovated interior, professional real estate photography, high detail, peach and cream walls, white built-in bookcase, dark hardwood flooring, chrome chandelier, transitional dining room",train
/home/jupyter/dataset_lora/after/dining_room__2d8860cc7a4b9f800d_v0.jpg,2d8860cc7a4b9f800d,v0,dining room,"peach and cream walls, white built-in bookcase, dark hardwood flooring, chrome chandelier, transitional dining room",Traditional,Contemporary,medium,"Dark wood slatted chairs, polished dining table, chrome chandelier, warm peach walls, bay window, and dark hardwood floors.","photorealistic renovated interior, professional real estate photography, high detail","photorealistic renovated interior, professional real estate photography, high detail, peach and cream walls, white built-in bookcase, dark hardwood flooring, chrome chandelier, transitional dining room",train
/home/jupyter/dataset_lora/after/dining_room__2d8860cc7a4b9f800d_v1.jpg,2d8860cc7a4b9f800d,v1,dining room,"peach and cream walls, white built-in bookcase, dark hardwood flooring, chrome chandelier, transitional dining room",Traditional,Contemporary,medium,"Dark wood slatted chairs, polished dining table, chrome chandelier, warm peach walls, bay window, and dark hardwood floors.","photorealistic renovated interior, professional real estate photography, high detail","photorealistic renovated interior, professional real estate photography, high detail, peach and cream walls, white built-in bookcase, dark hardwood flooring, chrome chandelier, transitional dining room",train
/home/jupyter/dataset_lora/after/dining_room__2d8860cc7a4b9f800d_v2.jpg,2d8860cc7a4b9f800d,v2,dining room,"peach and cream walls, white built-in bookcase, dark hardwood flooring, chrome chandelier, transitional dining room",Traditional,Contemporary,medium,"Dark wood slatted chairs, polished dining table, chrome chandelier, warm peach walls, bay window, and dark hardwood floors.","photorealistic renovated interior, professional real estate photography, high detail","photorealistic renovated interior, professional real estate photography, high detail, peach and cream walls, white built-in bookcase, dark hardwood flooring, chrome chandelier, transitional dining room",train
/home/jupyter/dataset_lora/after/dining_room__2d8860cc7a4b9f800d_v3.jpg,2d8860cc7a4b9f800d,v3,dining room,"peach and cream walls, white built-in bookcase, dark hardwood flooring, chrome chandelier, transitional dining room",Traditional,Contemporary,medium,"Dark wood slatted chairs, polished dining table, chrome chandelier, warm peach walls, bay window, and dark hardwood floors.","photorealistic renovated interior, professional real estate photography, high detail","photorealistic renovated interior, professional real estate photography, high detail, peach and cream walls, white built-in bookcase, dark hardwood flooring, chrome chandelier, transitional dining room",train
/home/jupyter/dataset_lora/after/dining_room__2d8860cc7a4b9f800d_v4.jpg,2d8860cc7a4b9f800d,v4,dining room,"peach and cream walls, white built-in bookcase, dark hardwood flooring, chrome chandelier, transitional dining room",Traditional,Contemporary,medium,"Dark wood slatted chairs, polished dining table, chrome chandelier, warm peach walls, bay window, and dark hardwood floors.","photorealistic renovated interior, professional real estate photography, high detail","photorealistic renovated interior, professional real estate photography, high detail, peach and cream walls, white built-in bookcase, dark hardwood flooring, chrome chandelier, transitional dining room",train
/home/jupyter/dataset_lora/after/dining_room__2e3a34ade3a9567377_orig.jpg,2e3a34ade3a9567377,orig,dining room,"Two-tone mustard and brown walls with white trim, dark hardwood flooring, rustic wagon-wheel candle chandelier, warm traditional",Traditional,Rustic,high,"Dark wood dining table, black cane-back chairs, distressed wagon-wheel chandelier, and warm ochre and brown walls.","photorealistic renovated interior, professional real estate photography, high detail","photorealistic renovated interior, professional real estate photography, high detail, Two-tone mustard and brown walls with white trim, dark hardwood flooring, rustic wagon-wheel candle chandelier, warm traditional",train
/home/jupyter/dataset_lora/after/dining_room__2e3a34ade3a9567377_v0.jpg,2e3a34ade3a9567377,v0,dining room,"Two-tone mustard and brown walls with white trim, dark hardwood flooring, rustic wagon-wheel candle chandelier, warm traditional",Traditional,Rustic,high,"Dark wood dining table, black cane-back chairs, distressed wagon-wheel chandelier, and warm ochre and brown walls.","photorealistic renovated interior, professional real estate photography, high detail","photorealistic renovated interior, professional real estate photography, high detail, Two-tone mustard and brown walls with white trim, dark hardwood flooring, rustic wagon-wheel candle chandelier, warm traditional",train
/home/jupyter/dataset_lora/after/dining_room__2e3a34ade3a9567377_v1.jpg,2e3a34ade3a9567377,v1,dining room,"Two-tone mustard and brown walls with white trim, dark hardwood flooring, rustic wagon-wheel candle chandelier, warm traditional",Traditional,Rustic,high,"Dark wood dining table, black cane-back chairs, distressed wagon-wheel chandelier, and warm ochre and brown walls.","photorealistic renovated interior, professional real estate photography, high detail","photorealistic renovated interior, professional real estate photography, high detail, Two-tone mustard and brown walls with white trim, dark hardwood flooring, rustic wagon-wheel candle chandelier, warm traditional",train
/home/jupyter/dataset_lora/after/dining_room__2e3a34ade3a9567377_v2.jpg,2e3a34ade3a9567377,v2,dining room,"Two-tone mustard and brown walls with white trim, dark hardwood flooring, rustic wagon-wheel candle chandelier, warm traditional",Traditional,Rustic,high,"Dark wood dining table, black cane-back chairs, distressed wagon-wheel chandelier, and warm ochre and brown walls.","photorealistic renovated interior, professional real estate photography, high detail","photorealistic renovated interior, professional real estate photography, high detail, Two-tone mustard and brown walls with white trim, dark hardwood flooring, rustic wagon-wheel candle chandelier, warm traditional",train
/home/jupyter/dataset_lora/after/dining_room__2e3a34ade3a9567377_v3.jpg,2e3a34ade3a9567377,v3,dining room,"Two-tone mustard and brown walls with white trim, dark hardwood flooring, rustic wagon-wheel candle chandelier, warm traditional",Traditional,Rustic,high,"Dark wood dining table, black cane-back chairs, distressed wagon-wheel chandelier, and warm ochre and brown walls.","photorealistic renovated interior, professional real estate photography, high detail","photorealistic renovated interior, professional real estate photography, high detail, Two-tone mustard and brown walls with white trim, dark hardwood flooring, rustic wagon-wheel candle chandelier, warm traditional",train
/home/jupyter/dataset_lora/after/dining_room__2e3a34ade3a9567377_v4.jpg,2e3a34ade3a9567377,v4,dining room,"Two-tone mustard and brown walls with white trim, dark hardwood flooring, rustic wagon-wheel candle chandelier, warm traditional",Traditional,Rustic,high,"Dark wood dining table, black cane-back chairs, distressed wagon-wheel chandelier, and warm ochre and brown walls.","photorealistic renovated interior, professional real estate photography, high detail","photorealistic renovated interior, professional real estate photography, high detail, Two-tone mustard and brown walls with white trim, dark hardwood flooring, rustic wagon-wheel candle chandelier, warm traditional",train
/home/jupyter/dataset_lora/after/dining_room__40ad8f7a2a04976914_orig.jpg,40ad8f7a2a04976914,orig,dining room,"warm greige walls, white shaker kitchen cabinetry, dark hardwood flooring, clear glass globe pendant lights, transitional",Traditional,Contemporary,high,"Dark wood table, tufted nailhead chairs, crown molding, shaker cabinets, geometric patterned upholstery, and glass globe pendant lights.","photorealistic renovated interior, professional real estate photography, high detail","photorealistic renovated interior, professional real estate photography, high detail, warm greige walls, white shaker kitchen cabinetry, dark hardwood flooring, clear glass globe pendant lights, transitional",train
/home/jupyter/dataset_lora/after/dining_room__40ad8f7a2a04976914_v0.jpg,40ad8f7a2a04976914,v0,dining room,"warm greige walls, white shaker kitchen cabinetry, dark hardwood flooring, clear glass globe pendant lights, transitional",Traditional,Contemporary,high,"Dark wood table, tufted nailhead chairs, crown molding, shaker cabinets, geometric patterned upholstery, and glass globe pendant lights.","photorealistic renovated interior, professional real estate photography, high detail","photorealistic renovated interior, professional real estate photography, high detail, warm greige walls, white shaker kitchen cabinetry, dark hardwood flooring, clear glass globe pendant lights, transitional",train
/home/jupyter/dataset_lora/after/dining_room__40ad8f7a2a04976914_v1.jpg,40ad8f7a2a04976914,v1,dining room,"warm greige walls, white shaker kitchen cabinetry, dark hardwood flooring, clear glass globe pendant lights, transitional",Traditional,Contemporary,high,"Dark wood table, tufted nailhead chairs, crown molding, shaker cabinets, geometric patterned upholstery, and glass globe pendant lights.","photorealistic renovated interior, professional real estate photography, high detail","photorealistic renovated interior, professional real estate photography, high detail, warm greige walls, white shaker kitchen cabinetry, dark hardwood flooring, clear glass globe pendant lights, transitional",train
/home/jupyter/dataset_lora/after/dining_room__40ad8f7a2a04976914_v2.jpg,40ad8f7a2a04976914,v2,dining room,"warm greige walls, white shaker kitchen cabinetry, dark hardwood flooring, clear glass globe pendant lights, transitional",Traditional,Contemporary,high,"Dark wood table, tufted nailhead chairs, crown molding, shaker cabinets, geometric patterned upholstery, and glass globe pendant lights.","photorealistic renovated interior, professional real estate photography, high detail","photorealistic renovated interior, professional real estate photography, high detail, warm greige walls, white shaker kitchen cabinetry, dark hardwood flooring, clear glass globe pendant lights, transitional",train
/home/jupyter/dataset_lora/after/dining_room__40ad8f7a2a04976914_v3.jpg,40ad8f7a2a04976914,v3,dining room,"warm greige walls, white shaker kitchen cabinetry, dark hardwood flooring, clear glass globe pendant lights, transitional",Traditional,Contemporary,high,"Dark wood table, tufted nailhead chairs, crown molding, shaker cabinets, geometric patterned upholstery, and glass globe pendant lights.","photorealistic renovated interior, professional real estate photography, high detail","photorealistic renovated interior, professional real estate photography, high detail, warm greige walls, white shaker kitchen cabinetry, dark hardwood flooring, clear glass globe pendant lights, transitional",train
/home/jupyter/dataset_lora/after/dining_room__40ad8f7a2a04976914_v4.jpg,40ad8f7a2a04976914,v4,dining room,"warm greige walls, white shaker kitchen cabinetry, dark hardwood flooring, clear glass globe pendant lights, transitional",Traditional,Contemporary,high,"Dark wood table, tufted nailhead chairs, crown molding, shaker cabinets, geometric patterned upholstery, and glass globe pendant lights.","photorealistic renovated interior, professional real estate photography, high detail","photorealistic renovated interior, professional real estate photography, high detail, warm greige walls, white shaker kitchen cabinetry, dark hardwood flooring, clear glass globe pendant lights, transitional",train
/home/jupyter/dataset_lora/after/dining_room__a3d50f1aa324ab2046_orig.jpg,a3d50f1aa324ab2046,orig,dining room,"teal blue walls, silver satin drapery, beige carpeting, cascading glass teardrop pendant light, contemporary",Contemporary,Modern,medium,"Teal walls, geometric metal-framed table, glass teardrop pendant light, velvet upholstered chairs, and open metal shelving.","photorealistic renovated interior, professional real estate photography, high detail","photorealistic renovated interior, professional real estate photography, high detail, teal blue walls, silver satin drapery, beige carpeting, cascading glass teardrop pendant light, contemporary",train
/home/jupyter/dataset_lora/after/dining_room__a3d50f1aa324ab2046_v0.jpg,a3d50f1aa324ab2046,v0,dining room,"teal blue walls, silver satin drapery, beige carpeting, cascading glass teardrop pendant light, contemporary",Contemporary,Modern,medium,"Teal walls, geometric metal-framed table, glass teardrop pendant light, velvet upholstered chairs, and open metal shelving.","photorealistic renovated interior, professional real estate photography, high detail","photorealistic renovated interior, professional real estate photography, high detail, teal blue walls, silver satin drapery, beige carpeting, cascading glass teardrop pendant light, contemporary",train
/home/jupyter/dataset_lora/after/dining_room__a3d50f1aa324ab2046_v1.jpg,a3d50f1aa324ab2046,v1,dining room,"teal blue walls, silver satin drapery, beige carpeting, cascading glass teardrop pendant light, contemporary",Contemporary,Modern,medium,"Teal walls, geometric metal-framed table, glass teardrop pendant light, velvet upholstered chairs, and open metal shelving.","photorealistic renovated interior, professional real estate photography, high detail","photorealistic renovated interior, professional real estate photography, high detail, teal blue walls, silver satin drapery, beige carpeting, cascading glass teardrop pendant light, contemporary",train
/home/jupyter/dataset_lora/after/dining_room__a3d50f1aa324ab2046_v2.jpg,a3d50f1aa324ab2046,v2,dining room,"teal blue walls, silver satin drapery, beige carpeting, cascading glass teardrop pendant light, contemporary",Contemporary,Modern,medium,"Teal walls, geometric metal-framed table, glass teardrop pendant light, velvet upholstered chairs, and open metal shelving.","photorealistic renovated interior, professional real estate photography, high detail","photorealistic renovated interior, professional real estate photography, high detail, teal blue walls, silver satin drapery, beige carpeting, cascading glass teardrop pendant light, contemporary",train
/home/jupyter/dataset_lora/after/dining_room__a3d50f1aa324ab2046_v3.jpg,a3d50f1aa324ab2046,v3,dining room,"teal blue walls, silver satin drapery, beige carpeting, cascading glass teardrop pendant light, contemporary",Contemporary,Modern,medium,"Teal walls, geometric metal-framed table, glass teardrop pendant light, velvet upholstered chairs, and open metal shelving.","photorealistic renovated interior, professional real estate photography, high detail","photorealistic renovated interior, professional real estate photography, high detail, teal blue walls, silver satin drapery, beige carpeting, cascading glass teardrop pendant light, contemporary",train
/home/jupyter/dataset_lora/after/dining_room__a3d50f1aa324ab2046_v4.jpg,a3d50f1aa324ab2046,v4,dining room,"teal blue walls, silver satin drapery, beige carpeting, cascading glass teardrop pendant light, contemporary",Contemporary,Modern,medium,"Teal walls, geometric metal-framed table, glass teardrop pendant light, velvet upholstered chairs, and open metal shelving.","photorealistic renovated interior, professional real estate photography, high detail","photorealistic renovated interior, professional real estate photography, high detail, teal blue walls, silver satin drapery, beige carpeting, cascading glass teardrop pendant light, contemporary",train
/home/jupyter/dataset_lora/after/dining_room__d6c13ef20503b10357_orig.jpg,d6c13ef20503b10357,orig,dining room,"cool gray walls, dark wood cabinetry, polished stone tile flooring, oversized crystal orb chandelier, transitional",Traditional,Contemporary,high,"Ornate wrought-iron staircase, dark wood cabinetry, crystal orb chandelier, large grey sectional, and metallic glass coffee table.","photorealistic renovated interior, professional real estate photography, high detail","photorealistic renovated interior, professional real estate photography, high detail, cool gray walls, dark wood cabinetry, polished stone tile flooring, oversized crystal orb chandelier, transitional",train
/home/jupyter/dataset_lora/after/dining_room__d6c13ef20503b10357_v0.jpg,d6c13ef20503b10357,v0,dining room,"cool gray walls, dark wood cabinetry, polished stone tile flooring, oversized crystal orb chandelier, transitional",Traditional,Contemporary,high,"Ornate wrought-iron staircase, dark wood cabinetry, crystal orb chandelier, large grey sectional, and metallic glass coffee table.","photorealistic renovated interior, professional real estate photography, high detail","photorealistic renovated interior, professional real estate photography, high detail, cool gray walls, dark wood cabinetry, polished stone tile flooring, oversized crystal orb chandelier, transitional",train
/home/jupyter/dataset_lora/after/dining_room__d6c13ef20503b10357_v1.jpg,d6c13ef20503b10357,v1,dining room,"cool gray walls, dark wood cabinetry, polished stone tile flooring, oversized crystal orb chandelier, transitional",Traditional,Contemporary,high,"Ornate wrought-iron staircase, dark wood cabinetry, crystal orb chandelier, large grey sectional, and metallic glass coffee table.","photorealistic renovated interior, professional real estate photography, high detail","photorealistic renovated interior, professional real estate photography, high detail, cool gray walls, dark wood cabinetry, polished stone tile flooring, oversized crystal orb chandelier, transitional",train
/home/jupyter/dataset_lora/after/dining_room__d6c13ef20503b10357_v2.jpg,d6c13ef20503b10357,v2,dining room,"cool gray walls, dark wood cabinetry, polished stone tile flooring, oversized crystal orb chandelier, transitional",Traditional,Contemporary,high,"Ornate wrought-iron staircase, dark wood cabinetry, crystal orb chandelier, large grey sectional, and metallic glass coffee table.","photorealistic renovated interior, professional real estate photography, high detail","photorealistic renovated interior, professional real estate photography, high detail, cool gray walls, dark wood cabinetry, polished stone tile flooring, oversized crystal orb chandelier, transitional",train
/home/jupyter/dataset_lora/after/dining_room__d6c13ef20503b10357_v3.jpg,d6c13ef20503b10357,v3,dining room,"cool gray walls, dark wood cabinetry, polished stone tile flooring, oversized crystal orb chandelier, transitional",Traditional,Contemporary,high,"Ornate wrought-iron staircase, dark wood cabinetry, crystal orb chandelier, large grey sectional, and metallic glass coffee table.","photorealistic renovated interior, professional real estate photography, high detail","photorealistic renovated interior, professional real estate photography, high detail, cool gray walls, dark wood cabinetry, polished stone tile flooring, oversized crystal orb chandelier, transitional",train
/home/jupyter/dataset_lora/after/dining_room__d6c13ef20503b10357_v4.jpg,d6c13ef20503b10357,v4,dining room,"cool gray walls, dark wood cabinetry, polished stone tile flooring, oversized crystal orb chandelier, transitional",Traditional,Contemporary,high,"Ornate wrought-iron staircase, dark wood cabinetry, crystal orb chandelier, large grey sectional, and metallic glass coffee table.","photorealistic renovated interior, professional real estate photography, high detail","photorealistic renovated interior, professional real estate photography, high detail, cool gray walls, dark wood cabinetry, polished stone tile flooring, oversized crystal orb chandelier, transitional",train
/home/jupyter/dataset_lora/after/dining_room__da023e387cb36fba96_orig.jpg,da023e387cb36fba96,orig,dining room,"greige tiled fireplace, reclaimed wood accent wall, dark floating shelves, light oak flooring, wood orb pendant light, modern rustic",Contemporary,Rustic,high,"Sleek large-format tiled fireplace, neutral palette, and clean lines paired with a reclaimed wood accent wall and rustic wooden console.","photorealistic renovated interior, professional real estate photography, high detail","photorealistic renovated interior, professional real estate photography, high detail, greige tiled fireplace, reclaimed wood accent wall, dark floating shelves, light oak flooring, wood orb pendant light, modern rustic",train
/home/jupyter/dataset_lora/after/dining_room__da023e387cb36fba96_v0.jpg,da023e387cb36fba96,v0,dining room,"greige tiled fireplace, reclaimed wood accent wall, dark floating shelves, light oak flooring, wood orb pendant light, modern rustic",Contemporary,Rustic,high,"Sleek large-format tiled fireplace, neutral palette, and clean lines paired with a reclaimed wood accent wall and rustic wooden console.","photorealistic renovated interior, professional real estate photography, high detail","photorealistic renovated interior, professional real estate photography, high detail, greige tiled fireplace, reclaimed wood accent wall, dark floating shelves, light oak flooring, wood orb pendant light, modern rustic",train
/home/jupyter/dataset_lora/after/dining_room__da023e387cb36fba96_v1.jpg,da023e387cb36fba96,v1,dining room,"greige tiled fireplace, reclaimed wood accent wall, dark floating shelves, light oak flooring, wood orb pendant light, modern rustic",Contemporary,Rustic,high,"Sleek large-format tiled fireplace, neutral palette, and clean lines paired with a reclaimed wood accent wall and rustic wooden console.","photorealistic renovated interior, professional real estate photography, high detail","photorealistic renovated interior, professional real estate photography, high detail, greige tiled fireplace, reclaimed wood accent wall, dark floating shelves, light oak flooring, wood orb pendant light, modern rustic",train
/home/jupyter/dataset_lora/after/dining_room__da023e387cb36fba96_v2.jpg,da023e387cb36fba96,v2,dining room,"greige tiled fireplace, reclaimed wood accent wall, dark floating shelves, light oak flooring, wood orb pendant light, modern rustic",Contemporary,Rustic,high,"Sleek large-format tiled fireplace, neutral palette, and clean lines paired with a reclaimed wood accent wall and rustic wooden console.","photorealistic renovated interior, professional real estate photography, high detail","photorealistic renovated interior, professional real estate photography, high detail, greige tiled fireplace, reclaimed wood accent wall, dark floating shelves, light oak flooring, wood orb pendant light, modern rustic",train
/home/jupyter/dataset_lora/after/dining_room__da023e387cb36fba96_v3.jpg,da023e387cb36fba96,v3,dining room,"greige tiled fireplace, reclaimed wood accent wall, dark floating shelves, light oak flooring, wood orb pendant light, modern rustic",Contemporary,Rustic,high,"Sleek large-format tiled fireplace, neutral palette, and clean lines paired with a reclaimed wood accent wall and rustic wooden console.","photorealistic renovated interior, professional real estate photography, high detail","photorealistic renovated interior, professional real estate photography, high detail, greige tiled fireplace, reclaimed wood accent wall, dark floating shelves, light oak flooring, wood orb pendant light, modern rustic",train
/home/jupyter/dataset_lora/after/dining_room__da023e387cb36fba96_v4.jpg,da023e387cb36fba96,v4,dining room,"greige tiled fireplace, reclaimed wood accent wall, dark floating shelves, light oak flooring, wood orb pendant light, modern rustic",Contemporary,Rustic,high,"Sleek large-format tiled fireplace, neutral palette, and clean lines paired with a reclaimed wood accent wall and rustic wooden console.","photorealistic renovated interior, professional real estate photography, high detail","photorealistic renovated interior, professional real estate photography, high detail, greige tiled fireplace, reclaimed wood accent wall, dark floating shelves, light oak flooring, wood orb pendant light, modern rustic",train
/home/jupyter/dataset_lora/after/entryway__401477c95afe444cde_orig.jpg,401477c95afe444cde,orig,entryway,"crisp white walls, black entry door, light oak herringbone flooring, sculptural brass pendant light, modern Mediterranean",Traditional,Contemporary,high,"Arched doorways, herringbone wood floors, crown molding, botanical prints, high-contrast black door, and a gold leaf chandelier.","photorealistic renovated interior, professional real estate photography, high detail","photorealistic renovated interior, professional real estate photography, high detail, crisp white walls, black entry door, light oak herringbone flooring, sculptural brass pendant light, modern Mediterranean",train
/home/jupyter/dataset_lora/after/entryway__401477c95afe444cde_v0.jpg,401477c95afe444cde,v0,entryway,"crisp white walls, black entry door, light oak herringbone flooring, sculptural brass pendant light, modern Mediterranean",Traditional,Contemporary,high,"Arched doorways, herringbone wood floors, crown molding, botanical prints, high-contrast black door, and a gold leaf chandelier.","photorealistic renovated interior, professional real estate photography, high detail","photorealistic renovated interior, professional real estate photography, high detail, crisp white walls, black entry door, light oak herringbone flooring, sculptural brass pendant light, modern Mediterranean",train
/home/jupyter/dataset_lora/after/entryway__401477c95afe444cde_v1.jpg,401477c95afe444cde,v1,entryway,"crisp white walls, black entry door, light oak herringbone flooring, sculptural brass pendant light, modern Mediterranean",Traditional,Contemporary,high,"Arched doorways, herringbone wood floors, crown molding, botanical prints, high-contrast black door, and a gold leaf chandelier.","photorealistic renovated interior, professional real estate photography, high detail","photorealistic renovated interior, professional real estate photography, high detail, crisp white walls, black entry door, light oak herringbone flooring, sculptural brass pendant light, modern Mediterranean",train
/home/jupyter/dataset_lora/after/entryway__401477c95afe444cde_v2.jpg,401477c95afe444cde,v2,entryway,"crisp white walls, black entry door, light oak herringbone flooring, sculptural brass pendant light, modern Mediterranean",Traditional,Contemporary,high,"Arched doorways, herringbone wood floors, crown molding, botanical prints, high-contrast black door, and a gold leaf chandelier.","photorealistic renovated interior, professional real estate photography, high detail","photorealistic renovated interior, professional real estate photography, high detail, crisp white walls, black entry door, light oak herringbone flooring, sculptural brass pendant light, modern Mediterranean",train
/home/jupyter/dataset_lora/after/entryway__401477c95afe444cde_v3.jpg,401477c95afe444cde,v3,entryway,"crisp white walls, black entry door, light oak herringbone flooring, sculptural brass pendant light, modern Mediterranean",Traditional,Contemporary,high,"Arched doorways, herringbone wood floors, crown molding, botanical prints, high-contrast black door, and a gold leaf chandelier.","photorealistic renovated interior, professional real estate photography, high detail","photorealistic renovated interior, professional real estate photography, high detail, crisp white walls, black entry door, light oak herringbone flooring, sculptural brass pendant light, modern Mediterranean",train
/home/jupyter/dataset_lora/after/entryway__401477c95afe444cde_v4.jpg,401477c95afe444cde,v4,entryway,"crisp white walls, black entry door, light oak herringbone flooring, sculptural brass pendant light, modern Mediterranean",Traditional,Contemporary,high,"Arched doorways, herringbone wood floors, crown molding, botanical prints, high-contrast black door, and a gold leaf chandelier.","photorealistic renovated interior, professional real estate photography, high detail","photorealistic renovated interior, professional real estate photography, high detail, crisp white walls, black entry door, light oak herringbone flooring, sculptural brass pendant light, modern Mediterranean",train
/home/jupyter/dataset_lora/after/entryway__b2e27c21e115b8156e_orig.jpg,b2e27c21e115b8156e,orig,entryway,"warm greige walls, dark wood and metal cable railing, light oak flooring, warm globe pendant lighting, transitional",Contemporary,Traditional,medium,"Cable stair railing, neutral walls, and modern layout contrast with traditional nailhead-trimmed wingback chairs and turned wood legs.","photorealistic renovated interior, professional real estate photography, high detail","photorealistic renovated interior, professional real estate photography, high detail, warm greige walls, dark wood and metal cable railing, light oak flooring, warm globe pendant lighting, transitional",train
/home/jupyter/dataset_lora/after/entryway__b2e27c21e115b8156e_v0.jpg,b2e27c21e115b8156e,v0,entryway,"warm greige walls, dark wood and metal cable railing, light oak flooring, warm globe pendant lighting, transitional",Contemporary,Traditional,medium,"Cable stair railing, neutral walls, and modern layout contrast with traditional nailhead-trimmed wingback chairs and turned wood legs.","photorealistic renovated interior, professional real estate photography, high detail","photorealistic renovated interior, professional real estate photography, high detail, warm greige walls, dark wood and metal cable railing, light oak flooring, warm globe pendant lighting, transitional",train
/home/jupyter/dataset_lora/after/entryway__b2e27c21e115b8156e_v1.jpg,b2e27c21e115b8156e,v1,entryway,"warm greige walls, dark wood and metal cable railing, light oak flooring, warm globe pendant lighting, transitional",Contemporary,Traditional,medium,"Cable stair railing, neutral walls, and modern layout contrast with traditional nailhead-trimmed wingback chairs and turned wood legs.","photorealistic renovated interior, professional real estate photography, high detail","photorealistic renovated interior, professional real estate photography, high detail, warm greige walls, dark wood and metal cable railing, light oak flooring, warm globe pendant lighting, transitional",train
/home/jupyter/dataset_lora/after/entryway__b2e27c21e115b8156e_v2.jpg,b2e27c21e115b8156e,v2,entryway,"warm greige walls, dark wood and metal cable railing, light oak flooring, warm globe pendant lighting, transitional",Contemporary,Traditional,medium,"Cable stair railing, neutral walls, and modern layout contrast with traditional nailhead-trimmed wingback chairs and turned wood legs.","photorealistic renovated interior, professional real estate photography, high detail","photorealistic renovated interior, professional real estate photography, high detail, warm greige walls, dark wood and metal cable railing, light oak flooring, warm globe pendant lighting, transitional",train
/home/jupyter/dataset_lora/after/entryway__b2e27c21e115b8156e_v3.jpg,b2e27c21e115b8156e,v3,entryway,"warm greige walls, dark wood and metal cable railing, light oak flooring, warm globe pendant lighting, transitional",Contemporary,Traditional,medium,"Cable stair railing, neutral walls, and modern layout contrast with traditional nailhead-trimmed wingback chairs and turned wood legs.","photorealistic renovated interior, professional real estate photography, high detail","photorealistic renovated interior, professional real estate photography, high detail, warm greige walls, dark wood and metal cable railing, light oak flooring, warm globe pendant lighting, transitional",train
/home/jupyter/dataset_lora/after/entryway__b2e27c21e115b8156e_v4.jpg,b2e27c21e115b8156e,v4,entryway,"warm greige walls, dark wood and metal cable railing, light oak flooring, warm globe pendant lighting, transitional",Contemporary,Traditional,medium,"Cable stair railing, neutral walls, and modern layout contrast with traditional nailhead-trimmed wingback chairs and turned wood legs.","photorealistic renovated interior, professional real estate photography, high detail","photorealistic renovated interior, professional real estate photography, high detail, warm greige walls, dark wood and metal cable railing, light oak flooring, warm globe pendant lighting, transitional",train
/home/jupyter/dataset_lora/after/entryway__cfc7556545ba26d354_orig.jpg,cfc7556545ba26d354,orig,entryway,"deep blue and charcoal walls, dark wood flooring, industrial glass cylinder chandelier, contemporary game room",Contemporary,Traditional,medium,"Dark wood flooring, bold blue and black accent walls, geometric rug, linear glass chandelier, and classic wood staircase.","photorealistic renovated interior, professional real estate photography, high detail","photorealistic renovated interior, professional real estate photography, high detail, deep blue and charcoal walls, dark wood flooring, industrial glass cylinder chandelier, contemporary game room",train
/home/jupyter/dataset_lora/after/entryway__cfc7556545ba26d354_v0.jpg,cfc7556545ba26d354,v0,entryway,"deep blue and charcoal walls, dark wood flooring, industrial glass cylinder chandelier, contemporary game room",Contemporary,Traditional,medium,"Dark wood flooring, bold blue and black accent walls, geometric rug, linear glass chandelier, and classic wood staircase.","photorealistic renovated interior, professional real estate photography, high detail","photorealistic renovated interior, professional real estate photography, high detail, deep blue and charcoal walls, dark wood flooring, industrial glass cylinder chandelier, contemporary game room",train
/home/jupyter/dataset_lora/after/entryway__cfc7556545ba26d354_v1.jpg,cfc7556545ba26d354,v1,entryway,"deep blue and charcoal walls, dark wood flooring, industrial glass cylinder chandelier, contemporary game room",Contemporary,Traditional,medium,"Dark wood flooring, bold blue and black accent walls, geometric rug, linear glass chandelier, and classic wood staircase.","photorealistic renovated interior, professional real estate photography, high detail","photorealistic renovated interior, professional real estate photography, high detail, deep blue and charcoal walls, dark wood flooring, industrial glass cylinder chandelier, contemporary game room",train
/home/jupyter/dataset_lora/after/entryway__cfc7556545ba26d354_v2.jpg,cfc7556545ba26d354,v2,entryway,"deep blue and charcoal walls, dark wood flooring, industrial glass cylinder chandelier, contemporary game room",Contemporary,Traditional,medium,"Dark wood flooring, bold blue and black accent walls, geometric rug, linear glass chandelier, and classic wood staircase.","photorealistic renovated interior, professional real estate photography, high detail","photorealistic renovated interior, professional real estate photography, high detail, deep blue and charcoal walls, dark wood flooring, industrial glass cylinder chandelier, contemporary game room",train
/home/jupyter/dataset_lora/after/entryway__cfc7556545ba26d354_v3.jpg,cfc7556545ba26d354,v3,entryway,"deep blue and charcoal walls, dark wood flooring, industrial glass cylinder chandelier, contemporary game room",Contemporary,Traditional,medium,"Dark wood flooring, bold blue and black accent walls, geometric rug, linear glass chandelier, and classic wood staircase.","photorealistic renovated interior, professional real estate photography, high detail","photorealistic renovated interior, professional real estate photography, high detail, deep blue and charcoal walls, dark wood flooring, industrial glass cylinder chandelier, contemporary game room",train
/home/jupyter/dataset_lora/after/entryway__cfc7556545ba26d354_v4.jpg,cfc7556545ba26d354,v4,entryway,"deep blue and charcoal walls, dark wood flooring, industrial glass cylinder chandelier, contemporary game room",Contemporary,Traditional,medium,"Dark wood flooring, bold blue and black accent walls, geometric rug, linear glass chandelier, and classic wood staircase.","photorealistic renovated interior, professional real estate photography, high detail","photorealistic renovated interior, professional real estate photography, high detail, deep blue and charcoal walls, dark wood flooring, industrial glass cylinder chandelier, contemporary game room",train
/home/jupyter/dataset_lora/after/entryway__fa09eaa0b82b8a58c6_orig.jpg,fa09eaa0b82b8a58c6,orig,entryway,"white walls, dark wood coffered ceiling, black fireplace mantel, light oak herringbone flooring, transitional",Traditional,Contemporary,high,"Coffered wood ceiling, herringbone flooring, arched black door, traditional striped armchair, contemporary fireplace, and textured wallpaper.","photorealistic renovated interior, professional real estate photography, high detail","photorealistic renovated interior, professional real estate photography, high detail, white walls, dark wood coffered ceiling, black fireplace mantel, light oak herringbone flooring, transitional",train
/home/jupyter/dataset_lora/after/entryway__fa09eaa0b82b8a58c6_v0.jpg,fa09eaa0b82b8a58c6,v0,entryway,"white walls, dark wood coffered ceiling, black fireplace mantel, light oak herringbone flooring, transitional",Traditional,Contemporary,high,"Coffered wood ceiling, herringbone flooring, arched black door, traditional striped armchair, contemporary fireplace, and textured wallpaper.","photorealistic renovated interior, professional real estate photography, high detail","photorealistic renovated interior, professional real estate photography, high detail, white walls, dark wood coffered ceiling, black fireplace mantel, light oak herringbone flooring, transitional",train
/home/jupyter/dataset_lora/after/entryway__fa09eaa0b82b8a58c6_v1.jpg,fa09eaa0b82b8a58c6,v1,entryway,"white walls, dark wood coffered ceiling, black fireplace mantel, light oak herringbone flooring, transitional",Traditional,Contemporary,high,"Coffered wood ceiling, herringbone flooring, arched black door, traditional striped armchair, contemporary fireplace, and textured wallpaper.","photorealistic renovated interior, professional real estate photography, high detail","photorealistic renovated interior, professional real estate photography, high detail, white walls, dark wood coffered ceiling, black fireplace mantel, light oak herringbone flooring, transitional",train
/home/jupyter/dataset_lora/after/entryway__fa09eaa0b82b8a58c6_v2.jpg,fa09eaa0b82b8a58c6,v2,entryway,"white walls, dark wood coffered ceiling, black fireplace mantel, light oak herringbone flooring, transitional",Traditional,Contemporary,high,"Coffered wood ceiling, herringbone flooring, arched black door, traditional striped armchair, contemporary fireplace, and textured wallpaper.","photorealistic renovated interior, professional real estate photography, high detail","photorealistic renovated interior, professional real estate photography, high detail, white walls, dark wood coffered ceiling, black fireplace mantel, light oak herringbone flooring, transitional",train
/home/jupyter/dataset_lora/after/entryway__fa09eaa0b82b8a58c6_v3.jpg,fa09eaa0b82b8a58c6,v3,entryway,"white walls, dark wood coffered ceiling, black fireplace mantel, light oak herringbone flooring, transitional",Traditional,Contemporary,high,"Coffered wood ceiling, herringbone flooring, arched black door, traditional striped armchair, contemporary fireplace, and textured wallpaper.","photorealistic renovated interior, professional real estate photography, high detail","photorealistic renovated interior, professional real estate photography, high detail, white walls, dark wood coffered ceiling, black fireplace mantel, light oak herringbone flooring, transitional",train
/home/jupyter/dataset_lora/after/entryway__fa09eaa0b82b8a58c6_v4.jpg,fa09eaa0b82b8a58c6,v4,entryway,"white walls, dark wood coffered ceiling, black fireplace mantel, light oak herringbone flooring, transitional",Traditional,Contemporary,high,"Coffered wood ceiling, herringbone flooring, arched black door, traditional striped armchair, contemporary fireplace, and textured wallpaper.","photorealistic renovated interior, professional real estate photography, high detail","photorealistic renovated interior, professional real estate photography, high detail, white walls, dark wood coffered ceiling, black fireplace mantel, light oak herringbone flooring, transitional",train
/home/jupyter/dataset_lora/after/game_room__8857847d510f6c7ab1_orig.jpg,8857847d510f6c7ab1,orig,game room,"warm greige walls, dark hand-scraped wood flooring, patterned orange area rug, modern track pendant lighting, transitional game room",Traditional,Contemporary,high,"Ornate wrought iron railings, dark wood flooring, classic pool table, neutral sofa, and modern track lighting fixtures.","photorealistic renovated interior, professional real estate photography, high detail","photorealistic renovated interior, professional real estate photography, high detail, warm greige walls, dark hand-scraped wood flooring, patterned orange area rug, modern track pendant lighting, transitional game room",train
/home/jupyter/dataset_lora/after/game_room__8857847d510f6c7ab1_v0.jpg,8857847d510f6c7ab1,v0,game room,"warm greige walls, dark hand-scraped wood flooring, patterned orange area rug, modern track pendant lighting, transitional game room",Traditional,Contemporary,high,"Ornate wrought iron railings, dark wood flooring, classic pool table, neutral sofa, and modern track lighting fixtures.","photorealistic renovated interior, professional real estate photography, high detail","photorealistic renovated interior, professional real estate photography, high detail, warm greige walls, dark hand-scraped wood flooring, patterned orange area rug, modern track pendant lighting, transitional game room",train
/home/jupyter/dataset_lora/after/game_room__8857847d510f6c7ab1_v1.jpg,8857847d510f6c7ab1,v1,game room,"warm greige walls, dark hand-scraped wood flooring, patterned orange area rug, modern track pendant lighting, transitional game room",Traditional,Contemporary,high,"Ornate wrought iron railings, dark wood flooring, classic pool table, neutral sofa, and modern track lighting fixtures.","photorealistic renovated interior, professional real estate photography, high detail","photorealistic renovated interior, professional real estate photography, high detail, warm greige walls, dark hand-scraped wood flooring, patterned orange area rug, modern track pendant lighting, transitional game room",train
/home/jupyter/dataset_lora/after/game_room__8857847d510f6c7ab1_v2.jpg,8857847d510f6c7ab1,v2,game room,"warm greige walls, dark hand-scraped wood flooring, patterned orange area rug, modern track pendant lighting, transitional game room",Traditional,Contemporary,high,"Ornate wrought iron railings, dark wood flooring, classic pool table, neutral sofa, and modern track lighting fixtures.","photorealistic renovated interior, professional real estate photography, high detail","photorealistic renovated interior, professional real estate photography, high detail, warm greige walls, dark hand-scraped wood flooring, patterned orange area rug, modern track pendant lighting, transitional game room",train
/home/jupyter/dataset_lora/after/game_room__8857847d510f6c7ab1_v3.jpg,8857847d510f6c7ab1,v3,game room,"warm greige walls, dark hand-scraped wood flooring, patterned orange area rug, modern track pendant lighting, transitional game room",Traditional,Contemporary,high,"Ornate wrought iron railings, dark wood flooring, classic pool table, neutral sofa, and modern track lighting fixtures.","photorealistic renovated interior, professional real estate photography, high detail","photorealistic renovated interior, professional real estate photography, high detail, warm greige walls, dark hand-scraped wood flooring, patterned orange area rug, modern track pendant lighting, transitional game room",train
/home/jupyter/dataset_lora/after/game_room__8857847d510f6c7ab1_v4.jpg,8857847d510f6c7ab1,v4,game room,"warm greige walls, dark hand-scraped wood flooring, patterned orange area rug, modern track pendant lighting, transitional game room",Traditional,Contemporary,high,"Ornate wrought iron railings, dark wood flooring, classic pool table, neutral sofa, and modern track lighting fixtures.","photorealistic renovated interior, professional real estate photography, high detail","photorealistic renovated interior, professional real estate photography, high detail, warm greige walls, dark hand-scraped wood flooring, patterned orange area rug, modern track pendant lighting, transitional game room",train
/home/jupyter/dataset_lora/after/game_room__fde132b90d574b8a44_orig.jpg,fde132b90d574b8a44,orig,game room,"Warm gray walls, dark wood pool table, dark wood flooring, industrial linear pendant lighting, transitional game room",Traditional,Industrial,medium,"Dark wood flooring, plantation shutters, traditional pool table, paired with industrial linear pendant lights and a metal letter sign.","photorealistic renovated interior, professional real estate photography, high detail","photorealistic renovated interior, professional real estate photography, high detail, Warm gray walls, dark wood pool table, dark wood flooring, industrial linear pendant lighting, transitional game room",train
/home/jupyter/dataset_lora/after/game_room__fde132b90d574b8a44_v0.jpg,fde132b90d574b8a44,v0,game room,"Warm gray walls, dark wood pool table, dark wood flooring, industrial linear pendant lighting, transitional game room",Traditional,Industrial,medium,"Dark wood flooring, plantation shutters, traditional pool table, paired with industrial linear pendant lights and a metal letter sign.","photorealistic renovated interior, professional real estate photography, high detail","photorealistic renovated interior, professional real estate photography, high detail, Warm gray walls, dark wood pool table, dark wood flooring, industrial linear pendant lighting, transitional game room",train
/home/jupyter/dataset_lora/after/game_room__fde132b90d574b8a44_v1.jpg,fde132b90d574b8a44,v1,game room,"Warm gray walls, dark wood pool table, dark wood flooring, industrial linear pendant lighting, transitional game room",Traditional,Industrial,medium,"Dark wood flooring, plantation shutters, traditional pool table, paired with industrial linear pendant lights and a metal letter sign.","photorealistic renovated interior, professional real estate photography, high detail","photorealistic renovated interior, professional real estate photography, high detail, Warm gray walls, dark wood pool table, dark wood flooring, industrial linear pendant lighting, transitional game room",train
/home/jupyter/dataset_lora/after/game_room__fde132b90d574b8a44_v2.jpg,fde132b90d574b8a44,v2,game room,"Warm gray walls, dark wood pool table, dark wood flooring, industrial linear pendant lighting, transitional game room",Traditional,Industrial,medium,"Dark wood flooring, plantation shutters, traditional pool table, paired with industrial linear pendant lights and a metal letter sign.","photorealistic renovated interior, professional real estate photography, high detail","photorealistic renovated interior, professional real estate photography, high detail, Warm gray walls, dark wood pool table, dark wood flooring, industrial linear pendant lighting, transitional game room",train
/home/jupyter/dataset_lora/after/game_room__fde132b90d574b8a44_v3.jpg,fde132b90d574b8a44,v3,game room,"Warm gray walls, dark wood pool table, dark wood flooring, industrial linear pendant lighting, transitional game room",Traditional,Industrial,medium,"Dark wood flooring, plantation shutters, traditional pool table, paired with industrial linear pendant lights and a metal letter sign.","photorealistic renovated interior, professional real estate photography, high detail","photorealistic renovated interior, professional real estate photography, high detail, Warm gray walls, dark wood pool table, dark wood flooring, industrial linear pendant lighting, transitional game room",train
/home/jupyter/dataset_lora/after/game_room__fde132b90d574b8a44_v4.jpg,fde132b90d574b8a44,v4,game room,"Warm gray walls, dark wood pool table, dark wood flooring, industrial linear pendant lighting, transitional game room",Traditional,Industrial,medium,"Dark wood flooring, plantation shutters, traditional pool table, paired with industrial linear pendant lights and a metal letter sign.","photorealistic renovated interior, professional real estate photography, high detail","photorealistic renovated interior, professional real estate photography, high detail, Warm gray walls, dark wood pool table, dark wood flooring, industrial linear pendant lighting, transitional game room",train
/home/jupyter/dataset_lora/after/kitchen__01ad18d62424b8f8a5_orig.jpg,01ad18d62424b8f8a5,orig,kitchen,"teal mosaic tile walls, dark stained wood cabinetry, light concrete flooring, industrial pendant lighting, rustic modern",Mid-Century Modern,Rustic,high,"Teal mosaic tile backsplash, flat-panel warm wood cabinets, stainless steel appliances, woven bamboo shade, and leather barstools.","photorealistic renovated interior, professional real estate photography, high detail","photorealistic renovated interior, professional real estate photography, high detail, teal mosaic tile walls, dark stained wood cabinetry, light concrete flooring, industrial pendant lighting, rustic modern",train
/home/jupyter/dataset_lora/after/kitchen__01ad18d62424b8f8a5_v0.jpg,01ad18d62424b8f8a5,v0,kitchen,"teal mosaic tile walls, dark stained wood cabinetry, light concrete flooring, industrial pendant lighting, rustic modern",Mid-Century Modern,Rustic,high,"Teal mosaic tile backsplash, flat-panel warm wood cabinets, stainless steel appliances, woven bamboo shade, and leather barstools.","photorealistic renovated interior, professional real estate photography, high detail","photorealistic renovated interior, professional real estate photography, high detail, teal mosaic tile walls, dark stained wood cabinetry, light concrete flooring, industrial pendant lighting, rustic modern",train
/home/jupyter/dataset_lora/after/kitchen__01ad18d62424b8f8a5_v1.jpg,01ad18d62424b8f8a5,v1,kitchen,"teal mosaic tile walls, dark stained wood cabinetry, light concrete flooring, industrial pendant lighting, rustic modern",Mid-Century Modern,Rustic,high,"Teal mosaic tile backsplash, flat-panel warm wood cabinets, stainless steel appliances, woven bamboo shade, and leather barstools.","photorealistic renovated interior, professional real estate photography, high detail","photorealistic renovated interior, professional real estate photography, high detail, teal mosaic tile walls, dark stained wood cabinetry, light concrete flooring, industrial pendant lighting, rustic modern",train
/home/jupyter/dataset_lora/after/kitchen__01ad18d62424b8f8a5_v2.jpg,01ad18d62424b8f8a5,v2,kitchen,"teal mosaic tile walls, dark stained wood cabinetry, light concrete flooring, industrial pendant lighting, rustic modern",Mid-Century Modern,Rustic,high,"Teal mosaic tile backsplash, flat-panel warm wood cabinets, stainless steel appliances, woven bamboo shade, and leather barstools.","photorealistic renovated interior, professional real estate photography, high detail","photorealistic renovated interior, professional real estate photography, high detail, teal mosaic tile walls, dark stained wood cabinetry, light concrete flooring, industrial pendant lighting, rustic modern",train
/home/jupyter/dataset_lora/after/kitchen__01ad18d62424b8f8a5_v3.jpg,01ad18d62424b8f8a5,v3,kitchen,"teal mosaic tile walls, dark stained wood cabinetry, light concrete flooring, industrial pendant lighting, rustic modern",Mid-Century Modern,Rustic,high,"Teal mosaic tile backsplash, flat-panel warm wood cabinets, stainless steel appliances, woven bamboo shade, and leather barstools.","photorealistic renovated interior, professional real estate photography, high detail","photorealistic renovated interior, professional real estate photography, high detail, teal mosaic tile walls, dark stained wood cabinetry, light concrete flooring, industrial pendant lighting, rustic modern",train
/home/jupyter/dataset_lora/after/kitchen__01ad18d62424b8f8a5_v4.jpg,01ad18d62424b8f8a5,v4,kitchen,"teal mosaic tile walls, dark stained wood cabinetry, light concrete flooring, industrial pendant lighting, rustic modern",Mid-Century Modern,Rustic,high,"Teal mosaic tile backsplash, flat-panel warm wood cabinets, stainless steel appliances, woven bamboo shade, and leather barstools.","photorealistic renovated interior, professional real estate photography, high detail","photorealistic renovated interior, professional real estate photography, high detail, teal mosaic tile walls, dark stained wood cabinetry, light concrete flooring, industrial pendant lighting, rustic modern",train
/home/jupyter/dataset_lora/after/kitchen__2566ae3554fd40716b_orig.jpg,2566ae3554fd40716b,orig,kitchen,"soft gray walls, white marble countertops, white shaker cabinetry, dark hardwood flooring, glass globe pendant lighting, classic transitional",Traditional,Contemporary,high,"White shaker cabinets, ornate crown molding, marble countertops, dark hardwood floors, and stainless steel appliances.","photorealistic renovated interior, professional real estate photography, high detail","photorealistic renovated interior, professional real estate photography, high detail, soft gray walls, white marble countertops, white shaker cabinetry, dark hardwood flooring, glass globe pendant lighting, classic transitional",train
/home/jupyter/dataset_lora/after/kitchen__2566ae3554fd40716b_v0.jpg,2566ae3554fd40716b,v0,kitchen,"soft gray walls, white marble countertops, white shaker cabinetry, dark hardwood flooring, glass globe pendant lighting, classic transitional",Traditional,Contemporary,high,"White shaker cabinets, ornate crown molding, marble countertops, dark hardwood floors, and stainless steel appliances.","photorealistic renovated interior, professional real estate photography, high detail","photorealistic renovated interior, professional real estate photography, high detail, soft gray walls, white marble countertops, white shaker cabinetry, dark hardwood flooring, glass globe pendant lighting, classic transitional",train
/home/jupyter/dataset_lora/after/kitchen__2566ae3554fd40716b_v1.jpg,2566ae3554fd40716b,v1,kitchen,"soft gray walls, white marble countertops, white shaker cabinetry, dark hardwood flooring, glass globe pendant lighting, classic transitional",Traditional,Contemporary,high,"White shaker cabinets, ornate crown molding, marble countertops, dark hardwood floors, and stainless steel appliances.","photorealistic renovated interior, professional real estate photography, high detail","photorealistic renovated interior, professional real estate photography, high detail, soft gray walls, white marble countertops, white shaker cabinetry, dark hardwood flooring, glass globe pendant lighting, classic transitional",train
/home/jupyter/dataset_lora/after/kitchen__2566ae3554fd40716b_v2.jpg,2566ae3554fd40716b,v2,kitchen,"soft gray walls, white marble countertops, white shaker cabinetry, dark hardwood flooring, glass globe pendant lighting, classic transitional",Traditional,Contemporary,high,"White shaker cabinets, ornate crown molding, marble countertops, dark hardwood floors, and stainless steel appliances.","photorealistic renovated interior, professional real estate photography, high detail","photorealistic renovated interior, professional real estate photography, high detail, soft gray walls, white marble countertops, white shaker cabinetry, dark hardwood flooring, glass globe pendant lighting, classic transitional",train
/home/jupyter/dataset_lora/after/kitchen__2566ae3554fd40716b_v3.jpg,2566ae3554fd40716b,v3,kitchen,"soft gray walls, white marble countertops, white shaker cabinetry, dark hardwood flooring, glass globe pendant lighting, classic transitional",Traditional,Contemporary,high,"White shaker cabinets, ornate crown molding, marble countertops, dark hardwood floors, and stainless steel appliances.","photorealistic renovated interior, professional real estate photography, high detail","photorealistic renovated interior, professional real estate photography, high detail, soft gray walls, white marble countertops, white shaker cabinetry, dark hardwood flooring, glass globe pendant lighting, classic transitional",train
/home/jupyter/dataset_lora/after/kitchen__2566ae3554fd40716b_v4.jpg,2566ae3554fd40716b,v4,kitchen,"soft gray walls, white marble countertops, white shaker cabinetry, dark hardwood flooring, glass globe pendant lighting, classic transitional",Traditional,Contemporary,high,"White shaker cabinets, ornate crown molding, marble countertops, dark hardwood floors, and stainless steel appliances.","photorealistic renovated interior, professional real estate photography, high detail","photorealistic renovated interior, professional real estate photography, high detail, soft gray walls, white marble countertops, white shaker cabinetry, dark hardwood flooring, glass globe pendant lighting, classic transitional",train
/home/jupyter/dataset_lora/after/kitchen__8d5174257e8f5d4ba2_orig.jpg,8d5174257e8f5d4ba2,orig,kitchen,"navy blue and white walls, white and dark wood shaker cabinetry, gray herringbone tile flooring, bronze pendant lighting, transitional",Traditional,Farmhouse,high,"White shaker cabinets, navy walls, dark wood island, herringbone tile floor, industrial pendant lights, and subway tile backsplash.","photorealistic renovated interior, professional real estate photography, high detail","photorealistic renovated interior, professional real estate photography, high detail, navy blue and white walls, white and dark wood shaker cabinetry, gray herringbone tile flooring, bronze pendant lighting, transitional",train
/home/jupyter/dataset_lora/after/kitchen__8d5174257e8f5d4ba2_v0.jpg,8d5174257e8f5d4ba2,v0,kitchen,"navy blue and white walls, white and dark wood shaker cabinetry, gray herringbone tile flooring, bronze pendant lighting, transitional",Traditional,Farmhouse,high,"White shaker cabinets, navy walls, dark wood island, herringbone tile floor, industrial pendant lights, and subway tile backsplash.","photorealistic renovated interior, professional real estate photography, high detail","photorealistic renovated interior, professional real estate photography, high detail, navy blue and white walls, white and dark wood shaker cabinetry, gray herringbone tile flooring, bronze pendant lighting, transitional",train
/home/jupyter/dataset_lora/after/kitchen__8d5174257e8f5d4ba2_v1.jpg,8d5174257e8f5d4ba2,v1,kitchen,"navy blue and white walls, white and dark wood shaker cabinetry, gray herringbone tile flooring, bronze pendant lighting, transitional",Traditional,Farmhouse,high,"White shaker cabinets, navy walls, dark wood island, herringbone tile floor, industrial pendant lights, and subway tile backsplash.","photorealistic renovated interior, professional real estate photography, high detail","photorealistic renovated interior, professional real estate photography, high detail, navy blue and white walls, white and dark wood shaker cabinetry, gray herringbone tile flooring, bronze pendant lighting, transitional",train
/home/jupyter/dataset_lora/after/kitchen__8d5174257e8f5d4ba2_v2.jpg,8d5174257e8f5d4ba2,v2,kitchen,"navy blue and white walls, white and dark wood shaker cabinetry, gray herringbone tile flooring, bronze pendant lighting, transitional",Traditional,Farmhouse,high,"White shaker cabinets, navy walls, dark wood island, herringbone tile floor, industrial pendant lights, and subway tile backsplash.","photorealistic renovated interior, professional real estate photography, high detail","photorealistic renovated interior, professional real estate photography, high detail, navy blue and white walls, white and dark wood shaker cabinetry, gray herringbone tile flooring, bronze pendant lighting, transitional",train
/home/jupyter/dataset_lora/after/kitchen__8d5174257e8f5d4ba2_v3.jpg,8d5174257e8f5d4ba2,v3,kitchen,"navy blue and white walls, white and dark wood shaker cabinetry, gray herringbone tile flooring, bronze pendant lighting, transitional",Traditional,Farmhouse,high,"White shaker cabinets, navy walls, dark wood island, herringbone tile floor, industrial pendant lights, and subway tile backsplash.","photorealistic renovated interior, professional real estate photography, high detail","photorealistic renovated interior, professional real estate photography, high detail, navy blue and white walls, white and dark wood shaker cabinetry, gray herringbone tile flooring, bronze pendant lighting, transitional",train
/home/jupyter/dataset_lora/after/kitchen__8d5174257e8f5d4ba2_v4.jpg,8d5174257e8f5d4ba2,v4,kitchen,"navy blue and white walls, white and dark wood shaker cabinetry, gray herringbone tile flooring, bronze pendant lighting, transitional",Traditional,Farmhouse,high,"White shaker cabinets, navy walls, dark wood island, herringbone tile floor, industrial pendant lights, and subway tile backsplash.","photorealistic renovated interior, professional real estate photography, high detail","photorealistic renovated interior, professional real estate photography, high detail, navy blue and white walls, white and dark wood shaker cabinetry, gray herringbone tile flooring, bronze pendant lighting, transitional",train
/home/jupyter/dataset_lora/after/kitchen__8e4a18cdf683b7367c_orig.jpg,8e4a18cdf683b7367c,orig,kitchen,"taupe walls with terracotta accent, white raised-panel cabinetry, granite countertops, brown tile flooring, recessed lighting, transitional",Traditional,Rustic,high,"White raised-panel cabinets, speckled granite countertops, tumbled stone tile backsplash, warm tile flooring, and a gooseneck faucet.","photorealistic renovated interior, professional real estate photography, high detail","photorealistic renovated interior, professional real estate photography, high detail, taupe walls with terracotta accent, white raised-panel cabinetry, granite countertops, brown tile flooring, recessed lighting, transitional",train
/home/jupyter/dataset_lora/after/kitchen__8e4a18cdf683b7367c_v0.jpg,8e4a18cdf683b7367c,v0,kitchen,"taupe walls with terracotta accent, white raised-panel cabinetry, granite countertops, brown tile flooring, recessed lighting, transitional",Traditional,Rustic,high,"White raised-panel cabinets, speckled granite countertops, tumbled stone tile backsplash, warm tile flooring, and a gooseneck faucet.","photorealistic renovated interior, professional real estate photography, high detail","photorealistic renovated interior, professional real estate photography, high detail, taupe walls with terracotta accent, white raised-panel cabinetry, granite countertops, brown tile flooring, recessed lighting, transitional",train
/home/jupyter/dataset_lora/after/kitchen__8e4a18cdf683b7367c_v1.jpg,8e4a18cdf683b7367c,v1,kitchen,"taupe walls with terracotta accent, white raised-panel cabinetry, granite countertops, brown tile flooring, recessed lighting, transitional",Traditional,Rustic,high,"White raised-panel cabinets, speckled granite countertops, tumbled stone tile backsplash, warm tile flooring, and a gooseneck faucet.","photorealistic renovated interior, professional real estate photography, high detail","photorealistic renovated interior, professional real estate photography, high detail, taupe walls with terracotta accent, white raised-panel cabinetry, granite countertops, brown tile flooring, recessed lighting, transitional",train
/home/jupyter/dataset_lora/after/kitchen__8e4a18cdf683b7367c_v2.jpg,8e4a18cdf683b7367c,v2,kitchen,"taupe walls with terracotta accent, white raised-panel cabinetry, granite countertops, brown tile flooring, recessed lighting, transitional",Traditional,Rustic,high,"White raised-panel cabinets, speckled granite countertops, tumbled stone tile backsplash, warm tile flooring, and a gooseneck faucet.","photorealistic renovated interior, professional real estate photography, high detail","photorealistic renovated interior, professional real estate photography, high detail, taupe walls with terracotta accent, white raised-panel cabinetry, granite countertops, brown tile flooring, recessed lighting, transitional",train
/home/jupyter/dataset_lora/after/kitchen__8e4a18cdf683b7367c_v3.jpg,8e4a18cdf683b7367c,v3,kitchen,"taupe walls with terracotta accent, white raised-panel cabinetry, granite countertops, brown tile flooring, recessed lighting, transitional",Traditional,Rustic,high,"White raised-panel cabinets, speckled granite countertops, tumbled stone tile backsplash, warm tile flooring, and a gooseneck faucet.","photorealistic renovated interior, professional real estate photography, high detail","photorealistic renovated interior, professional real estate photography, high detail, taupe walls with terracotta accent, white raised-panel cabinetry, granite countertops, brown tile flooring, recessed lighting, transitional",train
/home/jupyter/dataset_lora/after/kitchen__8e4a18cdf683b7367c_v4.jpg,8e4a18cdf683b7367c,v4,kitchen,"taupe walls with terracotta accent, white raised-panel cabinetry, granite countertops, brown tile flooring, recessed lighting, transitional",Traditional,Rustic,high,"White raised-panel cabinets, speckled granite countertops, tumbled stone tile backsplash, warm tile flooring, and a gooseneck faucet.","photorealistic renovated interior, professional real estate photography, high detail","photorealistic renovated interior, professional real estate photography, high detail, taupe walls with terracotta accent, white raised-panel cabinetry, granite countertops, brown tile flooring, recessed lighting, transitional",train
/home/jupyter/dataset_lora/after/kitchen__92ff1faf7aac6a0621_orig.jpg,92ff1faf7aac6a0621,orig,kitchen,"cream tile backsplash with brown accents, off-white shaker cabinetry, dark wood flooring, warm under-cabinet lighting, transitional kitchen",Traditional,Farmhouse,high,"Arched raised-panel cabinets, granite countertops, and decorative tile borders pair with cup pulls and stainless steel appliances.","photorealistic renovated interior, professional real estate photography, high detail","photorealistic renovated interior, professional real estate photography, high detail, cream tile backsplash with brown accents, off-white shaker cabinetry, dark wood flooring, warm under-cabinet lighting, transitional kitchen",train
/home/jupyter/dataset_lora/after/kitchen__92ff1faf7aac6a0621_v0.jpg,92ff1faf7aac6a0621,v0,kitchen,"cream tile backsplash with brown accents, off-white shaker cabinetry, dark wood flooring, warm under-cabinet lighting, transitional kitchen",Traditional,Farmhouse,high,"Arched raised-panel cabinets, granite countertops, and decorative tile borders pair with cup pulls and stainless steel appliances.","photorealistic renovated interior, professional real estate photography, high detail","photorealistic renovated interior, professional real estate photography, high detail, cream tile backsplash with brown accents, off-white shaker cabinetry, dark wood flooring, warm under-cabinet lighting, transitional kitchen",train
/home/jupyter/dataset_lora/after/kitchen__92ff1faf7aac6a0621_v1.jpg,92ff1faf7aac6a0621,v1,kitchen,"cream tile backsplash with brown accents, off-white shaker cabinetry, dark wood flooring, warm under-cabinet lighting, transitional kitchen",Traditional,Farmhouse,high,"Arched raised-panel cabinets, granite countertops, and decorative tile borders pair with cup pulls and stainless steel appliances.","photorealistic renovated interior, professional real estate photography, high detail","photorealistic renovated interior, professional real estate photography, high detail, cream tile backsplash with brown accents, off-white shaker cabinetry, dark wood flooring, warm under-cabinet lighting, transitional kitchen",train
/home/jupyter/dataset_lora/after/kitchen__92ff1faf7aac6a0621_v2.jpg,92ff1faf7aac6a0621,v2,kitchen,"cream tile backsplash with brown accents, off-white shaker cabinetry, dark wood flooring, warm under-cabinet lighting, transitional kitchen",Traditional,Farmhouse,high,"Arched raised-panel cabinets, granite countertops, and decorative tile borders pair with cup pulls and stainless steel appliances.","photorealistic renovated interior, professional real estate photography, high detail","photorealistic renovated interior, professional real estate photography, high detail, cream tile backsplash with brown accents, off-white shaker cabinetry, dark wood flooring, warm under-cabinet lighting, transitional kitchen",train
/home/jupyter/dataset_lora/after/kitchen__92ff1faf7aac6a0621_v3.jpg,92ff1faf7aac6a0621,v3,kitchen,"cream tile backsplash with brown accents, off-white shaker cabinetry, dark wood flooring, warm under-cabinet lighting, transitional kitchen",Traditional,Farmhouse,high,"Arched raised-panel cabinets, granite countertops, and decorative tile borders pair with cup pulls and stainless steel appliances.","photorealistic renovated interior, professional real estate photography, high detail","photorealistic renovated interior, professional real estate photography, high detail, cream tile backsplash with brown accents, off-white shaker cabinetry, dark wood flooring, warm under-cabinet lighting, transitional kitchen",train
/home/jupyter/dataset_lora/after/kitchen__92ff1faf7aac6a0621_v4.jpg,92ff1faf7aac6a0621,v4,kitchen,"cream tile backsplash with brown accents, off-white shaker cabinetry, dark wood flooring, warm under-cabinet lighting, transitional kitchen",Traditional,Farmhouse,high,"Arched raised-panel cabinets, granite countertops, and decorative tile borders pair with cup pulls and stainless steel appliances.","photorealistic renovated interior, professional real estate photography, high detail","photorealistic renovated interior, professional real estate photography, high detail, cream tile backsplash with brown accents, off-white shaker cabinetry, dark wood flooring, warm under-cabinet lighting, transitional kitchen",train
/home/jupyter/dataset_lora/after/kitchen__9b567ffde70056d899_orig.jpg,9b567ffde70056d899,orig,kitchen,"Pale mint walls, white shaker cabinetry, wood-top island, checkerboard tile flooring, recessed lighting, cottage farmhouse",Farmhouse,Traditional,high,"White shaker cabinets, apron-front sink, wooden island with butcher block top, checkered floor, and stainless steel appliances.","photorealistic renovated interior, professional real estate photography, high detail","photorealistic renovated interior, professional real estate photography, high detail, Pale mint walls, white shaker cabinetry, wood-top island, checkerboard tile flooring, recessed lighting, cottage farmhouse",train
/home/jupyter/dataset_lora/after/kitchen__9b567ffde70056d899_v0.jpg,9b567ffde70056d899,v0,kitchen,"Pale mint walls, white shaker cabinetry, wood-top island, checkerboard tile flooring, recessed lighting, cottage farmhouse",Farmhouse,Traditional,high,"White shaker cabinets, apron-front sink, wooden island with butcher block top, checkered floor, and stainless steel appliances.","photorealistic renovated interior, professional real estate photography, high detail","photorealistic renovated interior, professional real estate photography, high detail, Pale mint walls, white shaker cabinetry, wood-top island, checkerboard tile flooring, recessed lighting, cottage farmhouse",train
/home/jupyter/dataset_lora/after/kitchen__9b567ffde70056d899_v1.jpg,9b567ffde70056d899,v1,kitchen,"Pale mint walls, white shaker cabinetry, wood-top island, checkerboard tile flooring, recessed lighting, cottage farmhouse",Farmhouse,Traditional,high,"White shaker cabinets, apron-front sink, wooden island with butcher block top, checkered floor, and stainless steel appliances.","photorealistic renovated interior, professional real estate photography, high detail","photorealistic renovated interior, professional real estate photography, high detail, Pale mint walls, white shaker cabinetry, wood-top island, checkerboard tile flooring, recessed lighting, cottage farmhouse",train
/home/jupyter/dataset_lora/after/kitchen__9b567ffde70056d899_v2.jpg,9b567ffde70056d899,v2,kitchen,"Pale mint walls, white shaker cabinetry, wood-top island, checkerboard tile flooring, recessed lighting, cottage farmhouse",Farmhouse,Traditional,high,"White shaker cabinets, apron-front sink, wooden island with butcher block top, checkered floor, and stainless steel appliances.","photorealistic renovated interior, professional real estate photography, high detail","photorealistic renovated interior, professional real estate photography, high detail, Pale mint walls, white shaker cabinetry, wood-top island, checkerboard tile flooring, recessed lighting, cottage farmhouse",train
/home/jupyter/dataset_lora/after/kitchen__9b567ffde70056d899_v3.jpg,9b567ffde70056d899,v3,kitchen,"Pale mint walls, white shaker cabinetry, wood-top island, checkerboard tile flooring, recessed lighting, cottage farmhouse",Farmhouse,Traditional,high,"White shaker cabinets, apron-front sink, wooden island with butcher block top, checkered floor, and stainless steel appliances.","photorealistic renovated interior, professional real estate photography, high detail","photorealistic renovated interior, professional real estate photography, high detail, Pale mint walls, white shaker cabinetry, wood-top island, checkerboard tile flooring, recessed lighting, cottage farmhouse",train
/home/jupyter/dataset_lora/after/kitchen__9b567ffde70056d899_v4.jpg,9b567ffde70056d899,v4,kitchen,"Pale mint walls, white shaker cabinetry, wood-top island, checkerboard tile flooring, recessed lighting, cottage farmhouse",Farmhouse,Traditional,high,"White shaker cabinets, apron-front sink, wooden island with butcher block top, checkered floor, and stainless steel appliances.","photorealistic renovated interior, professional real estate photography, high detail","photorealistic renovated interior, professional real estate photography, high detail, Pale mint walls, white shaker cabinetry, wood-top island, checkerboard tile flooring, recessed lighting, cottage farmhouse",train
/home/jupyter/dataset_lora/after/kitchen__a995d48c5229d692aa_orig.jpg,a995d48c5229d692aa,orig,kitchen,"warm greige walls, dark wood built-in shelving with geometric fretwork, travertine tile flooring, orb crystal chandelier, transitional luxury",Traditional,Contemporary,medium,"Dark wood built-ins, granite countertops, crystal orb chandelier, striped armchairs, and large folding glass doors.","photorealistic renovated interior, professional real estate photography, high detail","photorealistic renovated interior, professional real estate photography, high detail, warm greige walls, dark wood built-in shelving with geometric fretwork, travertine tile flooring, orb crystal chandelier, transitional luxury",train
/home/jupyter/dataset_lora/after/kitchen__a995d48c5229d692aa_v0.jpg,a995d48c5229d692aa,v0,kitchen,"warm greige walls, dark wood built-in shelving with geometric fretwork, travertine tile flooring, orb crystal chandelier, transitional luxury",Traditional,Contemporary,medium,"Dark wood built-ins, granite countertops, crystal orb chandelier, striped armchairs, and large folding glass doors.","photorealistic renovated interior, professional real estate photography, high detail","photorealistic renovated interior, professional real estate photography, high detail, warm greige walls, dark wood built-in shelving with geometric fretwork, travertine tile flooring, orb crystal chandelier, transitional luxury",train
/home/jupyter/dataset_lora/after/kitchen__a995d48c5229d692aa_v1.jpg,a995d48c5229d692aa,v1,kitchen,"warm greige walls, dark wood built-in shelving with geometric fretwork, travertine tile flooring, orb crystal chandelier, transitional luxury",Traditional,Contemporary,medium,"Dark wood built-ins, granite countertops, crystal orb chandelier, striped armchairs, and large folding glass doors.","photorealistic renovated interior, professional real estate photography, high detail","photorealistic renovated interior, professional real estate photography, high detail, warm greige walls, dark wood built-in shelving with geometric fretwork, travertine tile flooring, orb crystal chandelier, transitional luxury",train
/home/jupyter/dataset_lora/after/kitchen__a995d48c5229d692aa_v2.jpg,a995d48c5229d692aa,v2,kitchen,"warm greige walls, dark wood built-in shelving with geometric fretwork, travertine tile flooring, orb crystal chandelier, transitional luxury",Traditional,Contemporary,medium,"Dark wood built-ins, granite countertops, crystal orb chandelier, striped armchairs, and large folding glass doors.","photorealistic renovated interior, professional real estate photography, high detail","photorealistic renovated interior, professional real estate photography, high detail, warm greige walls, dark wood built-in shelving with geometric fretwork, travertine tile flooring, orb crystal chandelier, transitional luxury",train
/home/jupyter/dataset_lora/after/kitchen__a995d48c5229d692aa_v3.jpg,a995d48c5229d692aa,v3,kitchen,"warm greige walls, dark wood built-in shelving with geometric fretwork, travertine tile flooring, orb crystal chandelier, transitional luxury",Traditional,Contemporary,medium,"Dark wood built-ins, granite countertops, crystal orb chandelier, striped armchairs, and large folding glass doors.","photorealistic renovated interior, professional real estate photography, high detail","photorealistic renovated interior, professional real estate photography, high detail, warm greige walls, dark wood built-in shelving with geometric fretwork, travertine tile flooring, orb crystal chandelier, transitional luxury",train
/home/jupyter/dataset_lora/after/kitchen__a995d48c5229d692aa_v4.jpg,a995d48c5229d692aa,v4,kitchen,"warm greige walls, dark wood built-in shelving with geometric fretwork, travertine tile flooring, orb crystal chandelier, transitional luxury",Traditional,Contemporary,medium,"Dark wood built-ins, granite countertops, crystal orb chandelier, striped armchairs, and large folding glass doors.","photorealistic renovated interior, professional real estate photography, high detail","photorealistic renovated interior, professional real estate photography, high detail, warm greige walls, dark wood built-in shelving with geometric fretwork, travertine tile flooring, orb crystal chandelier, transitional luxury",train
/home/jupyter/dataset_lora/after/kitchen__b5a661da560610f887_orig.jpg,b5a661da560610f887,orig,kitchen,"neutral walls, beige granite countertops, white shaker cabinetry, light beige tile flooring, recessed lighting, transitional kitchen",Traditional,Contemporary,high,"White raised-panel cabinets, speckled granite countertops, stainless steel appliances, beige tile flooring, and simple silver hardware.","photorealistic renovated interior, professional real estate photography, high detail","photorealistic renovated interior, professional real estate photography, high detail, neutral walls, beige granite countertops, white shaker cabinetry, light beige tile flooring, recessed lighting, transitional kitchen",train
/home/jupyter/dataset_lora/after/kitchen__b5a661da560610f887_v0.jpg,b5a661da560610f887,v0,kitchen,"neutral walls, beige granite countertops, white shaker cabinetry, light beige tile flooring, recessed lighting, transitional kitchen",Traditional,Contemporary,high,"White raised-panel cabinets, speckled granite countertops, stainless steel appliances, beige tile flooring, and simple silver hardware.","photorealistic renovated interior, professional real estate photography, high detail","photorealistic renovated interior, professional real estate photography, high detail, neutral walls, beige granite countertops, white shaker cabinetry, light beige tile flooring, recessed lighting, transitional kitchen",train
/home/jupyter/dataset_lora/after/kitchen__b5a661da560610f887_v1.jpg,b5a661da560610f887,v1,kitchen,"neutral walls, beige granite countertops, white shaker cabinetry, light beige tile flooring, recessed lighting, transitional kitchen",Traditional,Contemporary,high,"White raised-panel cabinets, speckled granite countertops, stainless steel appliances, beige tile flooring, and simple silver hardware.","photorealistic renovated interior, professional real estate photography, high detail","photorealistic renovated interior, professional real estate photography, high detail, neutral walls, beige granite countertops, white shaker cabinetry, light beige tile flooring, recessed lighting, transitional kitchen",train
/home/jupyter/dataset_lora/after/kitchen__b5a661da560610f887_v2.jpg,b5a661da560610f887,v2,kitchen,"neutral walls, beige granite countertops, white shaker cabinetry, light beige tile flooring, recessed lighting, transitional kitchen",Traditional,Contemporary,high,"White raised-panel cabinets, speckled granite countertops, stainless steel appliances, beige tile flooring, and simple silver hardware.","photorealistic renovated interior, professional real estate photography, high detail","photorealistic renovated interior, professional real estate photography, high detail, neutral walls, beige granite countertops, white shaker cabinetry, light beige tile flooring, recessed lighting, transitional kitchen",train
/home/jupyter/dataset_lora/after/kitchen__b5a661da560610f887_v3.jpg,b5a661da560610f887,v3,kitchen,"neutral walls, beige granite countertops, white shaker cabinetry, light beige tile flooring, recessed lighting, transitional kitchen",Traditional,Contemporary,high,"White raised-panel cabinets, speckled granite countertops, stainless steel appliances, beige tile flooring, and simple silver hardware.","photorealistic renovated interior, professional real estate photography, high detail","photorealistic renovated interior, professional real estate photography, high detail, neutral walls, beige granite countertops, white shaker cabinetry, light beige tile flooring, recessed lighting, transitional kitchen",train
/home/jupyter/dataset_lora/after/kitchen__b5a661da560610f887_v4.jpg,b5a661da560610f887,v4,kitchen,"neutral walls, beige granite countertops, white shaker cabinetry, light beige tile flooring, recessed lighting, transitional kitchen",Traditional,Contemporary,high,"White raised-panel cabinets, speckled granite countertops, stainless steel appliances, beige tile flooring, and simple silver hardware.","photorealistic renovated interior, professional real estate photography, high detail","photorealistic renovated interior, professional real estate photography, high detail, neutral walls, beige granite countertops, white shaker cabinetry, light beige tile flooring, recessed lighting, transitional kitchen",train
/home/jupyter/dataset_lora/after/kitchen__bc7c4a19a8c98d7f0a_orig.jpg,bc7c4a19a8c98d7f0a,orig,kitchen,"white subway tile backsplash, white shaker cabinetry, black countertops, gray tile flooring, under-cabinet lighting, modern farmhouse",Farmhouse,Traditional,high,"White shaker cabinets, subway tile backsplash, stainless steel appliances, cup pull hardware, and a traditional patterned rug.","photorealistic renovated interior, professional real estate photography, high detail","photorealistic renovated interior, professional real estate photography, high detail, white subway tile backsplash, white shaker cabinetry, black countertops, gray tile flooring, under-cabinet lighting, modern farmhouse",train
/home/jupyter/dataset_lora/after/kitchen__bc7c4a19a8c98d7f0a_v0.jpg,bc7c4a19a8c98d7f0a,v0,kitchen,"white subway tile backsplash, white shaker cabinetry, black countertops, gray tile flooring, under-cabinet lighting, modern farmhouse",Farmhouse,Traditional,high,"White shaker cabinets, subway tile backsplash, stainless steel appliances, cup pull hardware, and a traditional patterned rug.","photorealistic renovated interior, professional real estate photography, high detail","photorealistic renovated interior, professional real estate photography, high detail, white subway tile backsplash, white shaker cabinetry, black countertops, gray tile flooring, under-cabinet lighting, modern farmhouse",train
/home/jupyter/dataset_lora/after/kitchen__bc7c4a19a8c98d7f0a_v1.jpg,bc7c4a19a8c98d7f0a,v1,kitchen,"white subway tile backsplash, white shaker cabinetry, black countertops, gray tile flooring, under-cabinet lighting, modern farmhouse",Farmhouse,Traditional,high,"White shaker cabinets, subway tile backsplash, stainless steel appliances, cup pull hardware, and a traditional patterned rug.","photorealistic renovated interior, professional real estate photography, high detail","photorealistic renovated interior, professional real estate photography, high detail, white subway tile backsplash, white shaker cabinetry, black countertops, gray tile flooring, under-cabinet lighting, modern farmhouse",train
/home/jupyter/dataset_lora/after/kitchen__bc7c4a19a8c98d7f0a_v2.jpg,bc7c4a19a8c98d7f0a,v2,kitchen,"white subway tile backsplash, white shaker cabinetry, black countertops, gray tile flooring, under-cabinet lighting, modern farmhouse",Farmhouse,Traditional,high,"White shaker cabinets, subway tile backsplash, stainless steel appliances, cup pull hardware, and a traditional patterned rug.","photorealistic renovated interior, professional real estate photography, high detail","photorealistic renovated interior, professional real estate photography, high detail, white subway tile backsplash, white shaker cabinetry, black countertops, gray tile flooring, under-cabinet lighting, modern farmhouse",train
/home/jupyter/dataset_lora/after/kitchen__bc7c4a19a8c98d7f0a_v3.jpg,bc7c4a19a8c98d7f0a,v3,kitchen,"white subway tile backsplash, white shaker cabinetry, black countertops, gray tile flooring, under-cabinet lighting, modern farmhouse",Farmhouse,Traditional,high,"White shaker cabinets, subway tile backsplash, stainless steel appliances, cup pull hardware, and a traditional patterned rug.","photorealistic renovated interior, professional real estate photography, high detail","photorealistic renovated interior, professional real estate photography, high detail, white subway tile backsplash, white shaker cabinetry, black countertops, gray tile flooring, under-cabinet lighting, modern farmhouse",train
/home/jupyter/dataset_lora/after/kitchen__bc7c4a19a8c98d7f0a_v4.jpg,bc7c4a19a8c98d7f0a,v4,kitchen,"white subway tile backsplash, white shaker cabinetry, black countertops, gray tile flooring, under-cabinet lighting, modern farmhouse",Farmhouse,Traditional,high,"White shaker cabinets, subway tile backsplash, stainless steel appliances, cup pull hardware, and a traditional patterned rug.","photorealistic renovated interior, professional real estate photography, high detail","photorealistic renovated interior, professional real estate photography, high detail, white subway tile backsplash, white shaker cabinetry, black countertops, gray tile flooring, under-cabinet lighting, modern farmhouse",train
/home/jupyter/dataset_lora/after/kitchen__dd4474cba0c43eff83_orig.jpg,dd4474cba0c43eff83,orig,kitchen,"Cream walls, teal flat-panel cabinetry, light oak flooring, brass dome pendants and classic chandelier, eclectic transitional",Farmhouse,Traditional,high,"Distressed wood dining table, striped upholstered chairs, woven barstools, brass dome pendants, and a classic wrought-iron chandelier.","photorealistic renovated interior, professional real estate photography, high detail","photorealistic renovated interior, professional real estate photography, high detail, Cream walls, teal flat-panel cabinetry, light oak flooring, brass dome pendants and classic chandelier, eclectic transitional",train
/home/jupyter/dataset_lora/after/kitchen__dd4474cba0c43eff83_v0.jpg,dd4474cba0c43eff83,v0,kitchen,"Cream walls, teal flat-panel cabinetry, light oak flooring, brass dome pendants and classic chandelier, eclectic transitional",Farmhouse,Traditional,high,"Distressed wood dining table, striped upholstered chairs, woven barstools, brass dome pendants, and a classic wrought-iron chandelier.","photorealistic renovated interior, professional real estate photography, high detail","photorealistic renovated interior, professional real estate photography, high detail, Cream walls, teal flat-panel cabinetry, light oak flooring, brass dome pendants and classic chandelier, eclectic transitional",train
/home/jupyter/dataset_lora/after/kitchen__dd4474cba0c43eff83_v1.jpg,dd4474cba0c43eff83,v1,kitchen,"Cream walls, teal flat-panel cabinetry, light oak flooring, brass dome pendants and classic chandelier, eclectic transitional",Farmhouse,Traditional,high,"Distressed wood dining table, striped upholstered chairs, woven barstools, brass dome pendants, and a classic wrought-iron chandelier.","photorealistic renovated interior, professional real estate photography, high detail","photorealistic renovated interior, professional real estate photography, high detail, Cream walls, teal flat-panel cabinetry, light oak flooring, brass dome pendants and classic chandelier, eclectic transitional",train
/home/jupyter/dataset_lora/after/kitchen__dd4474cba0c43eff83_v2.jpg,dd4474cba0c43eff83,v2,kitchen,"Cream walls, teal flat-panel cabinetry, light oak flooring, brass dome pendants and classic chandelier, eclectic transitional",Farmhouse,Traditional,high,"Distressed wood dining table, striped upholstered chairs, woven barstools, brass dome pendants, and a classic wrought-iron chandelier.","photorealistic renovated interior, professional real estate photography, high detail","photorealistic renovated interior, professional real estate photography, high detail, Cream walls, teal flat-panel cabinetry, light oak flooring, brass dome pendants and classic chandelier, eclectic transitional",train
/home/jupyter/dataset_lora/after/kitchen__dd4474cba0c43eff83_v3.jpg,dd4474cba0c43eff83,v3,kitchen,"Cream walls, teal flat-panel cabinetry, light oak flooring, brass dome pendants and classic chandelier, eclectic transitional",Farmhouse,Traditional,high,"Distressed wood dining table, striped upholstered chairs, woven barstools, brass dome pendants, and a classic wrought-iron chandelier.","photorealistic renovated interior, professional real estate photography, high detail","photorealistic renovated interior, professional real estate photography, high detail, Cream walls, teal flat-panel cabinetry, light oak flooring, brass dome pendants and classic chandelier, eclectic transitional",train
/home/jupyter/dataset_lora/after/kitchen__dd4474cba0c43eff83_v4.jpg,dd4474cba0c43eff83,v4,kitchen,"Cream walls, teal flat-panel cabinetry, light oak flooring, brass dome pendants and classic chandelier, eclectic transitional",Farmhouse,Traditional,high,"Distressed wood dining table, striped upholstered chairs, woven barstools, brass dome pendants, and a classic wrought-iron chandelier.","photorealistic renovated interior, professional real estate photography, high detail","photorealistic renovated interior, professional real estate photography, high detail, Cream walls, teal flat-panel cabinetry, light oak flooring, brass dome pendants and classic chandelier, eclectic transitional",train
/home/jupyter/dataset_lora/after/kitchen__e8f663964495bce574_orig.jpg,e8f663964495bce574,orig,kitchen,"Warm white walls with marble-look backsplash, gray-washed shaker cabinetry, medium oak flooring, recessed lighting, transitional",Traditional,Contemporary,high,"Stained shaker cabinets, warm wood floors, and marble-look quartz backsplash paired with sleek stainless steel appliances and minimalist black hardware.","photorealistic renovated interior, professional real estate photography, high detail","photorealistic renovated interior, professional real estate photography, high detail, Warm white walls with marble-look backsplash, gray-washed shaker cabinetry, medium oak flooring, recessed lighting, transitional",train
/home/jupyter/dataset_lora/after/kitchen__e8f663964495bce574_v0.jpg,e8f663964495bce574,v0,kitchen,"Warm white walls with marble-look backsplash, gray-washed shaker cabinetry, medium oak flooring, recessed lighting, transitional",Traditional,Contemporary,high,"Stained shaker cabinets, warm wood floors, and marble-look quartz backsplash paired with sleek stainless steel appliances and minimalist black hardware.","photorealistic renovated interior, professional real estate photography, high detail","photorealistic renovated interior, professional real estate photography, high detail, Warm white walls with marble-look backsplash, gray-washed shaker cabinetry, medium oak flooring, recessed lighting, transitional",train
/home/jupyter/dataset_lora/after/kitchen__e8f663964495bce574_v1.jpg,e8f663964495bce574,v1,kitchen,"Warm white walls with marble-look backsplash, gray-washed shaker cabinetry, medium oak flooring, recessed lighting, transitional",Traditional,Contemporary,high,"Stained shaker cabinets, warm wood floors, and marble-look quartz backsplash paired with sleek stainless steel appliances and minimalist black hardware.","photorealistic renovated interior, professional real estate photography, high detail","photorealistic renovated interior, professional real estate photography, high detail, Warm white walls with marble-look backsplash, gray-washed shaker cabinetry, medium oak flooring, recessed lighting, transitional",train
/home/jupyter/dataset_lora/after/kitchen__e8f663964495bce574_v2.jpg,e8f663964495bce574,v2,kitchen,"Warm white walls with marble-look backsplash, gray-washed shaker cabinetry, medium oak flooring, recessed lighting, transitional",Traditional,Contemporary,high,"Stained shaker cabinets, warm wood floors, and marble-look quartz backsplash paired with sleek stainless steel appliances and minimalist black hardware.","photorealistic renovated interior, professional real estate photography, high detail","photorealistic renovated interior, professional real estate photography, high detail, Warm white walls with marble-look backsplash, gray-washed shaker cabinetry, medium oak flooring, recessed lighting, transitional",train
/home/jupyter/dataset_lora/after/kitchen__e8f663964495bce574_v3.jpg,e8f663964495bce574,v3,kitchen,"Warm white walls with marble-look backsplash, gray-washed shaker cabinetry, medium oak flooring, recessed lighting, transitional",Traditional,Contemporary,high,"Stained shaker cabinets, warm wood floors, and marble-look quartz backsplash paired with sleek stainless steel appliances and minimalist black hardware.","photorealistic renovated interior, professional real estate photography, high detail","photorealistic renovated interior, professional real estate photography, high detail, Warm white walls with marble-look backsplash, gray-washed shaker cabinetry, medium oak flooring, recessed lighting, transitional",train
/home/jupyter/dataset_lora/after/kitchen__e8f663964495bce574_v4.jpg,e8f663964495bce574,v4,kitchen,"Warm white walls with marble-look backsplash, gray-washed shaker cabinetry, medium oak flooring, recessed lighting, transitional",Traditional,Contemporary,high,"Stained shaker cabinets, warm wood floors, and marble-look quartz backsplash paired with sleek stainless steel appliances and minimalist black hardware.","photorealistic renovated interior, professional real estate photography, high detail","photorealistic renovated interior, professional real estate photography, high detail, Warm white walls with marble-look backsplash, gray-washed shaker cabinetry, medium oak flooring, recessed lighting, transitional",train
/home/jupyter/dataset_lora/after/living_room__04d7b6b87ea31e7c1f_orig.jpg,04d7b6b87ea31e7c1f,orig,living room,"Cream walls with wood plank accent, floating white shelves, polished concrete flooring, bright natural light, rustic modern",Farmhouse,Rustic,high,"Horizontal wood plank accent wall, wire basket, neutral upholstered sofa, geometric patterned accent chairs, and polished concrete flooring.","photorealistic renovated interior, professional real estate photography, high detail","photorealistic renovated interior, professional real estate photography, high detail, Cream walls with wood plank accent, floating white shelves, polished concrete flooring, bright natural light, rustic modern",train
/home/jupyter/dataset_lora/after/living_room__04d7b6b87ea31e7c1f_v0.jpg,04d7b6b87ea31e7c1f,v0,living room,"Cream walls with wood plank accent, floating white shelves, polished concrete flooring, bright natural light, rustic modern",Farmhouse,Rustic,high,"Horizontal wood plank accent wall, wire basket, neutral upholstered sofa, geometric patterned accent chairs, and polished concrete flooring.","photorealistic renovated interior, professional real estate photography, high detail","photorealistic renovated interior, professional real estate photography, high detail, Cream walls with wood plank accent, floating white shelves, polished concrete flooring, bright natural light, rustic modern",train
/home/jupyter/dataset_lora/after/living_room__04d7b6b87ea31e7c1f_v1.jpg,04d7b6b87ea31e7c1f,v1,living room,"Cream walls with wood plank accent, floating white shelves, polished concrete flooring, bright natural light, rustic modern",Farmhouse,Rustic,high,"Horizontal wood plank accent wall, wire basket, neutral upholstered sofa, geometric patterned accent chairs, and polished concrete flooring.","photorealistic renovated interior, professional real estate photography, high detail","photorealistic renovated interior, professional real estate photography, high detail, Cream walls with wood plank accent, floating white shelves, polished concrete flooring, bright natural light, rustic modern",train
/home/jupyter/dataset_lora/after/living_room__04d7b6b87ea31e7c1f_v2.jpg,04d7b6b87ea31e7c1f,v2,living room,"Cream walls with wood plank accent, floating white shelves, polished concrete flooring, bright natural light, rustic modern",Farmhouse,Rustic,high,"Horizontal wood plank accent wall, wire basket, neutral upholstered sofa, geometric patterned accent chairs, and polished concrete flooring.","photorealistic renovated interior, professional real estate photography, high detail","photorealistic renovated interior, professional real estate photography, high detail, Cream walls with wood plank accent, floating white shelves, polished concrete flooring, bright natural light, rustic modern",train
/home/jupyter/dataset_lora/after/living_room__04d7b6b87ea31e7c1f_v3.jpg,04d7b6b87ea31e7c1f,v3,living room,"Cream walls with wood plank accent, floating white shelves, polished concrete flooring, bright natural light, rustic modern",Farmhouse,Rustic,high,"Horizontal wood plank accent wall, wire basket, neutral upholstered sofa, geometric patterned accent chairs, and polished concrete flooring.","photorealistic renovated interior, professional real estate photography, high detail","photorealistic renovated interior, professional real estate photography, high detail, Cream walls with wood plank accent, floating white shelves, polished concrete flooring, bright natural light, rustic modern",train
/home/jupyter/dataset_lora/after/living_room__04d7b6b87ea31e7c1f_v4.jpg,04d7b6b87ea31e7c1f,v4,living room,"Cream walls with wood plank accent, floating white shelves, polished concrete flooring, bright natural light, rustic modern",Farmhouse,Rustic,high,"Horizontal wood plank accent wall, wire basket, neutral upholstered sofa, geometric patterned accent chairs, and polished concrete flooring.","photorealistic renovated interior, professional real estate photography, high detail","photorealistic renovated interior, professional real estate photography, high detail, Cream walls with wood plank accent, floating white shelves, polished concrete flooring, bright natural light, rustic modern",train
/home/jupyter/dataset_lora/after/living_room__0ac9e10de57dbcb1ed_orig.jpg,0ac9e10de57dbcb1ed,orig,living room,"deep teal paneled walls, built-in window seat, dark herringbone wood flooring, brass wall sconces, traditional study",Traditional,Contemporary,high,"Dark paneled walls, tufted leather wingback chair, rich wood desk, brass accents, and velvet side chairs.","photorealistic renovated interior, professional real estate photography, high detail","photorealistic renovated interior, professional real estate photography, high detail, deep teal paneled walls, built-in window seat, dark herringbone wood flooring, brass wall sconces, traditional study",train
/home/jupyter/dataset_lora/after/living_room__0ac9e10de57dbcb1ed_v0.jpg,0ac9e10de57dbcb1ed,v0,living room,"deep teal paneled walls, built-in window seat, dark herringbone wood flooring, brass wall sconces, traditional study",Traditional,Contemporary,high,"Dark paneled walls, tufted leather wingback chair, rich wood desk, brass accents, and velvet side chairs.","photorealistic renovated interior, professional real estate photography, high detail","photorealistic renovated interior, professional real estate photography, high detail, deep teal paneled walls, built-in window seat, dark herringbone wood flooring, brass wall sconces, traditional study",train
/home/jupyter/dataset_lora/after/living_room__0ac9e10de57dbcb1ed_v1.jpg,0ac9e10de57dbcb1ed,v1,living room,"deep teal paneled walls, built-in window seat, dark herringbone wood flooring, brass wall sconces, traditional study",Traditional,Contemporary,high,"Dark paneled walls, tufted leather wingback chair, rich wood desk, brass accents, and velvet side chairs.","photorealistic renovated interior, professional real estate photography, high detail","photorealistic renovated interior, professional real estate photography, high detail, deep teal paneled walls, built-in window seat, dark herringbone wood flooring, brass wall sconces, traditional study",train
/home/jupyter/dataset_lora/after/living_room__0ac9e10de57dbcb1ed_v2.jpg,0ac9e10de57dbcb1ed,v2,living room,"deep teal paneled walls, built-in window seat, dark herringbone wood flooring, brass wall sconces, traditional study",Traditional,Contemporary,high,"Dark paneled walls, tufted leather wingback chair, rich wood desk, brass accents, and velvet side chairs.","photorealistic renovated interior, professional real estate photography, high detail","photorealistic renovated interior, professional real estate photography, high detail, deep teal paneled walls, built-in window seat, dark herringbone wood flooring, brass wall sconces, traditional study",train
/home/jupyter/dataset_lora/after/living_room__0ac9e10de57dbcb1ed_v3.jpg,0ac9e10de57dbcb1ed,v3,living room,"deep teal paneled walls, built-in window seat, dark herringbone wood flooring, brass wall sconces, traditional study",Traditional,Contemporary,high,"Dark paneled walls, tufted leather wingback chair, rich wood desk, brass accents, and velvet side chairs.","photorealistic renovated interior, professional real estate photography, high detail","photorealistic renovated interior, professional real estate photography, high detail, deep teal paneled walls, built-in window seat, dark herringbone wood flooring, brass wall sconces, traditional study",train
/home/jupyter/dataset_lora/after/living_room__0ac9e10de57dbcb1ed_v4.jpg,0ac9e10de57dbcb1ed,v4,living room,"deep teal paneled walls, built-in window seat, dark herringbone wood flooring, brass wall sconces, traditional study",Traditional,Contemporary,high,"Dark paneled walls, tufted leather wingback chair, rich wood desk, brass accents, and velvet side chairs.","photorealistic renovated interior, professional real estate photography, high detail","photorealistic renovated interior, professional real estate photography, high detail, deep teal paneled walls, built-in window seat, dark herringbone wood flooring, brass wall sconces, traditional study",train
/home/jupyter/dataset_lora/after/living_room__10f922a312ab68ddcc_orig.jpg,10f922a312ab68ddcc,orig,living room,"gray grasscloth walls, light oak paneling, light oak flooring, industrial black floor lamp, moody transitional",Traditional,Contemporary,high,"Coffered wood ceiling, arched staircase, and striped slipper chairs meet a sleek black fireplace, tufted daybed, and grasscloth walls.","photorealistic renovated interior, professional real estate photography, high detail","photorealistic renovated interior, professional real estate photography, high detail, gray grasscloth walls, light oak paneling, light oak flooring, industrial black floor lamp, moody transitional",train
/home/jupyter/dataset_lora/after/living_room__10f922a312ab68ddcc_v0.jpg,10f922a312ab68ddcc,v0,living room,"gray grasscloth walls, light oak paneling, light oak flooring, industrial black floor lamp, moody transitional",Traditional,Contemporary,high,"Coffered wood ceiling, arched staircase, and striped slipper chairs meet a sleek black fireplace, tufted daybed, and grasscloth walls.","photorealistic renovated interior, professional real estate photography, high detail","photorealistic renovated interior, professional real estate photography, high detail, gray grasscloth walls, light oak paneling, light oak flooring, industrial black floor lamp, moody transitional",train
/home/jupyter/dataset_lora/after/living_room__10f922a312ab68ddcc_v1.jpg,10f922a312ab68ddcc,v1,living room,"gray grasscloth walls, light oak paneling, light oak flooring, industrial black floor lamp, moody transitional",Traditional,Contemporary,high,"Coffered wood ceiling, arched staircase, and striped slipper chairs meet a sleek black fireplace, tufted daybed, and grasscloth walls.","photorealistic renovated interior, professional real estate photography, high detail","photorealistic renovated interior, professional real estate photography, high detail, gray grasscloth walls, light oak paneling, light oak flooring, industrial black floor lamp, moody transitional",train
/home/jupyter/dataset_lora/after/living_room__10f922a312ab68ddcc_v2.jpg,10f922a312ab68ddcc,v2,living room,"gray grasscloth walls, light oak paneling, light oak flooring, industrial black floor lamp, moody transitional",Traditional,Contemporary,high,"Coffered wood ceiling, arched staircase, and striped slipper chairs meet a sleek black fireplace, tufted daybed, and grasscloth walls.","photorealistic renovated interior, professional real estate photography, high detail","photorealistic renovated interior, professional real estate photography, high detail, gray grasscloth walls, light oak paneling, light oak flooring, industrial black floor lamp, moody transitional",train
/home/jupyter/dataset_lora/after/living_room__10f922a312ab68ddcc_v3.jpg,10f922a312ab68ddcc,v3,living room,"gray grasscloth walls, light oak paneling, light oak flooring, industrial black floor lamp, moody transitional",Traditional,Contemporary,high,"Coffered wood ceiling, arched staircase, and striped slipper chairs meet a sleek black fireplace, tufted daybed, and grasscloth walls.","photorealistic renovated interior, professional real estate photography, high detail","photorealistic renovated interior, professional real estate photography, high detail, gray grasscloth walls, light oak paneling, light oak flooring, industrial black floor lamp, moody transitional",train
/home/jupyter/dataset_lora/after/living_room__10f922a312ab68ddcc_v4.jpg,10f922a312ab68ddcc,v4,living room,"gray grasscloth walls, light oak paneling, light oak flooring, industrial black floor lamp, moody transitional",Traditional,Contemporary,high,"Coffered wood ceiling, arched staircase, and striped slipper chairs meet a sleek black fireplace, tufted daybed, and grasscloth walls.","photorealistic renovated interior, professional real estate photography, high detail","photorealistic renovated interior, professional real estate photography, high detail, gray grasscloth walls, light oak paneling, light oak flooring, industrial black floor lamp, moody transitional",train
/home/jupyter/dataset_lora/after/living_room__13cd36f1e9066f9a3c_orig.jpg,13cd36f1e9066f9a3c,orig,living room,"charcoal accent wall, open wood shelving, hardwood flooring with striped area rug, brass chandelier lighting, transitional",Contemporary,Traditional,medium,"Dark accent wall, clean-lined sofa, and geometric art paired with leather club chairs, classic fireplace, and brass chandelier.","photorealistic renovated interior, professional real estate photography, high detail","photorealistic renovated interior, professional real estate photography, high detail, charcoal accent wall, open wood shelving, hardwood flooring with striped area rug, brass chandelier lighting, transitional",train
/home/jupyter/dataset_lora/after/living_room__13cd36f1e9066f9a3c_v0.jpg,13cd36f1e9066f9a3c,v0,living room,"charcoal accent wall, open wood shelving, hardwood flooring with striped area rug, brass chandelier lighting, transitional",Contemporary,Traditional,medium,"Dark accent wall, clean-lined sofa, and geometric art paired with leather club chairs, classic fireplace, and brass chandelier.","photorealistic renovated interior, professional real estate photography, high detail","photorealistic renovated interior, professional real estate photography, high detail, charcoal accent wall, open wood shelving, hardwood flooring with striped area rug, brass chandelier lighting, transitional",train
/home/jupyter/dataset_lora/after/living_room__13cd36f1e9066f9a3c_v1.jpg,13cd36f1e9066f9a3c,v1,living room,"charcoal accent wall, open wood shelving, hardwood flooring with striped area rug, brass chandelier lighting, transitional",Contemporary,Traditional,medium,"Dark accent wall, clean-lined sofa, and geometric art paired with leather club chairs, classic fireplace, and brass chandelier.","photorealistic renovated interior, professional real estate photography, high detail","photorealistic renovated interior, professional real estate photography, high detail, charcoal accent wall, open wood shelving, hardwood flooring with striped area rug, brass chandelier lighting, transitional",train
/home/jupyter/dataset_lora/after/living_room__13cd36f1e9066f9a3c_v2.jpg,13cd36f1e9066f9a3c,v2,living room,"charcoal accent wall, open wood shelving, hardwood flooring with striped area rug, brass chandelier lighting, transitional",Contemporary,Traditional,medium,"Dark accent wall, clean-lined sofa, and geometric art paired with leather club chairs, classic fireplace, and brass chandelier.","photorealistic renovated interior, professional real estate photography, high detail","photorealistic renovated interior, professional real estate photography, high detail, charcoal accent wall, open wood shelving, hardwood flooring with striped area rug, brass chandelier lighting, transitional",train
/home/jupyter/dataset_lora/after/living_room__13cd36f1e9066f9a3c_v3.jpg,13cd36f1e9066f9a3c,v3,living room,"charcoal accent wall, open wood shelving, hardwood flooring with striped area rug, brass chandelier lighting, transitional",Contemporary,Traditional,medium,"Dark accent wall, clean-lined sofa, and geometric art paired with leather club chairs, classic fireplace, and brass chandelier.","photorealistic renovated interior, professional real estate photography, high detail","photorealistic renovated interior, professional real estate photography, high detail, charcoal accent wall, open wood shelving, hardwood flooring with striped area rug, brass chandelier lighting, transitional",train
/home/jupyter/dataset_lora/after/living_room__13cd36f1e9066f9a3c_v4.jpg,13cd36f1e9066f9a3c,v4,living room,"charcoal accent wall, open wood shelving, hardwood flooring with striped area rug, brass chandelier lighting, transitional",Contemporary,Traditional,medium,"Dark accent wall, clean-lined sofa, and geometric art paired with leather club chairs, classic fireplace, and brass chandelier.","photorealistic renovated interior, professional real estate photography, high detail","photorealistic renovated interior, professional real estate photography, high detail, charcoal accent wall, open wood shelving, hardwood flooring with striped area rug, brass chandelier lighting, transitional",train
/home/jupyter/dataset_lora/after/living_room__1ce00f07811e8d4b5c_orig.jpg,1ce00f07811e8d4b5c,orig,living room,"light gray walls, dark herringbone wood flooring, brass wall sconces and recessed lighting, transitional chic",Contemporary,Traditional,high,"Herringbone wood floors and crown molding meet sleek gold-framed green velvet chairs, a geometric rug, and modern brass fixtures.","photorealistic renovated interior, professional real estate photography, high detail","photorealistic renovated interior, professional real estate photography, high detail, light gray walls, dark herringbone wood flooring, brass wall sconces and recessed lighting, transitional chic",train
/home/jupyter/dataset_lora/after/living_room__1ce00f07811e8d4b5c_v0.jpg,1ce00f07811e8d4b5c,v0,living room,"light gray walls, dark herringbone wood flooring, brass wall sconces and recessed lighting, transitional chic",Contemporary,Traditional,high,"Herringbone wood floors and crown molding meet sleek gold-framed green velvet chairs, a geometric rug, and modern brass fixtures.","photorealistic renovated interior, professional real estate photography, high detail","photorealistic renovated interior, professional real estate photography, high detail, light gray walls, dark herringbone wood flooring, brass wall sconces and recessed lighting, transitional chic",train
/home/jupyter/dataset_lora/after/living_room__1ce00f07811e8d4b5c_v1.jpg,1ce00f07811e8d4b5c,v1,living room,"light gray walls, dark herringbone wood flooring, brass wall sconces and recessed lighting, transitional chic",Contemporary,Traditional,high,"Herringbone wood floors and crown molding meet sleek gold-framed green velvet chairs, a geometric rug, and modern brass fixtures.","photorealistic renovated interior, professional real estate photography, high detail","photorealistic renovated interior, professional real estate photography, high detail, light gray walls, dark herringbone wood flooring, brass wall sconces and recessed lighting, transitional chic",train
/home/jupyter/dataset_lora/after/living_room__1ce00f07811e8d4b5c_v2.jpg,1ce00f07811e8d4b5c,v2,living room,"light gray walls, dark herringbone wood flooring, brass wall sconces and recessed lighting, transitional chic",Contemporary,Traditional,high,"Herringbone wood floors and crown molding meet sleek gold-framed green velvet chairs, a geometric rug, and modern brass fixtures.","photorealistic renovated interior, professional real estate photography, high detail","photorealistic renovated interior, professional real estate photography, high detail, light gray walls, dark herringbone wood flooring, brass wall sconces and recessed lighting, transitional chic",train
/home/jupyter/dataset_lora/after/living_room__1ce00f07811e8d4b5c_v3.jpg,1ce00f07811e8d4b5c,v3,living room,"light gray walls, dark herringbone wood flooring, brass wall sconces and recessed lighting, transitional chic",Contemporary,Traditional,high,"Herringbone wood floors and crown molding meet sleek gold-framed green velvet chairs, a geometric rug, and modern brass fixtures.","photorealistic renovated interior, professional real estate photography, high detail","photorealistic renovated interior, professional real estate photography, high detail, light gray walls, dark herringbone wood flooring, brass wall sconces and recessed lighting, transitional chic",train
/home/jupyter/dataset_lora/after/living_room__1ce00f07811e8d4b5c_v4.jpg,1ce00f07811e8d4b5c,v4,living room,"light gray walls, dark herringbone wood flooring, brass wall sconces and recessed lighting, transitional chic",Contemporary,Traditional,high,"Herringbone wood floors and crown molding meet sleek gold-framed green velvet chairs, a geometric rug, and modern brass fixtures.","photorealistic renovated interior, professional real estate photography, high detail","photorealistic renovated interior, professional real estate photography, high detail, light gray walls, dark herringbone wood flooring, brass wall sconces and recessed lighting, transitional chic",train
/home/jupyter/dataset_lora/after/living_room__2872b25788927961bf_orig.jpg,2872b25788927961bf,orig,living room,"soft off-white walls, sage green drapery, light oak flooring, spherical crystal pendant light, contemporary bohemian",Contemporary,Bohemian,medium,"Grey sectional, geometric shag rug, abundant houseplants, black tiled fireplace, and eclectic mantel decor on light wood floors.","photorealistic renovated interior, professional real estate photography, high detail","photorealistic renovated interior, professional real estate photography, high detail, soft off-white walls, sage green drapery, light oak flooring, spherical crystal pendant light, contemporary bohemian",train
/home/jupyter/dataset_lora/after/living_room__2872b25788927961bf_v0.jpg,2872b25788927961bf,v0,living room,"soft off-white walls, sage green drapery, light oak flooring, spherical crystal pendant light, contemporary bohemian",Contemporary,Bohemian,medium,"Grey sectional, geometric shag rug, abundant houseplants, black tiled fireplace, and eclectic mantel decor on light wood floors.","photorealistic renovated interior, professional real estate photography, high detail","photorealistic renovated interior, professional real estate photography, high detail, soft off-white walls, sage green drapery, light oak flooring, spherical crystal pendant light, contemporary bohemian",train
/home/jupyter/dataset_lora/after/living_room__2872b25788927961bf_v1.jpg,2872b25788927961bf,v1,living room,"soft off-white walls, sage green drapery, light oak flooring, spherical crystal pendant light, contemporary bohemian",Contemporary,Bohemian,medium,"Grey sectional, geometric shag rug, abundant houseplants, black tiled fireplace, and eclectic mantel decor on light wood floors.","photorealistic renovated interior, professional real estate photography, high detail","photorealistic renovated interior, professional real estate photography, high detail, soft off-white walls, sage green drapery, light oak flooring, spherical crystal pendant light, contemporary bohemian",train
/home/jupyter/dataset_lora/after/living_room__2872b25788927961bf_v2.jpg,2872b25788927961bf,v2,living room,"soft off-white walls, sage green drapery, light oak flooring, spherical crystal pendant light, contemporary bohemian",Contemporary,Bohemian,medium,"Grey sectional, geometric shag rug, abundant houseplants, black tiled fireplace, and eclectic mantel decor on light wood floors.","photorealistic renovated interior, professional real estate photography, high detail","photorealistic renovated interior, professional real estate photography, high detail, soft off-white walls, sage green drapery, light oak flooring, spherical crystal pendant light, contemporary bohemian",train
/home/jupyter/dataset_lora/after/living_room__2872b25788927961bf_v3.jpg,2872b25788927961bf,v3,living room,"soft off-white walls, sage green drapery, light oak flooring, spherical crystal pendant light, contemporary bohemian",Contemporary,Bohemian,medium,"Grey sectional, geometric shag rug, abundant houseplants, black tiled fireplace, and eclectic mantel decor on light wood floors.","photorealistic renovated interior, professional real estate photography, high detail","photorealistic renovated interior, professional real estate photography, high detail, soft off-white walls, sage green drapery, light oak flooring, spherical crystal pendant light, contemporary bohemian",train
/home/jupyter/dataset_lora/after/living_room__2872b25788927961bf_v4.jpg,2872b25788927961bf,v4,living room,"soft off-white walls, sage green drapery, light oak flooring, spherical crystal pendant light, contemporary bohemian",Contemporary,Bohemian,medium,"Grey sectional, geometric shag rug, abundant houseplants, black tiled fireplace, and eclectic mantel decor on light wood floors.","photorealistic renovated interior, professional real estate photography, high detail","photorealistic renovated interior, professional real estate photography, high detail, soft off-white walls, sage green drapery, light oak flooring, spherical crystal pendant light, contemporary bohemian",train
/home/jupyter/dataset_lora/after/living_room__2b1d695a82f6d307a1_orig.jpg,2b1d695a82f6d307a1,orig,living room,"warm greige walls, gray and mustard yellow textiles, patterned neutral area rug, recessed ceiling lights, contemporary transitional",Contemporary,Traditional,high,"Plush grey sectional, chrome and glass coffee table, wrought iron staircase railing, warm beige walls, and dark wood pillars.","photorealistic renovated interior, professional real estate photography, high detail","photorealistic renovated interior, professional real estate photography, high detail, warm greige walls, gray and mustard yellow textiles, patterned neutral area rug, recessed ceiling lights, contemporary transitional",train
/home/jupyter/dataset_lora/after/living_room__2b1d695a82f6d307a1_v0.jpg,2b1d695a82f6d307a1,v0,living room,"warm greige walls, gray and mustard yellow textiles, patterned neutral area rug, recessed ceiling lights, contemporary transitional",Contemporary,Traditional,high,"Plush grey sectional, chrome and glass coffee table, wrought iron staircase railing, warm beige walls, and dark wood pillars.","photorealistic renovated interior, professional real estate photography, high detail","photorealistic renovated interior, professional real estate photography, high detail, warm greige walls, gray and mustard yellow textiles, patterned neutral area rug, recessed ceiling lights, contemporary transitional",train
/home/jupyter/dataset_lora/after/living_room__2b1d695a82f6d307a1_v1.jpg,2b1d695a82f6d307a1,v1,living room,"warm greige walls, gray and mustard yellow textiles, patterned neutral area rug, recessed ceiling lights, contemporary transitional",Contemporary,Traditional,high,"Plush grey sectional, chrome and glass coffee table, wrought iron staircase railing, warm beige walls, and dark wood pillars.","photorealistic renovated interior, professional real estate photography, high detail","photorealistic renovated interior, professional real estate photography, high detail, warm greige walls, gray and mustard yellow textiles, patterned neutral area rug, recessed ceiling lights, contemporary transitional",train
/home/jupyter/dataset_lora/after/living_room__2b1d695a82f6d307a1_v2.jpg,2b1d695a82f6d307a1,v2,living room,"warm greige walls, gray and mustard yellow textiles, patterned neutral area rug, recessed ceiling lights, contemporary transitional",Contemporary,Traditional,high,"Plush grey sectional, chrome and glass coffee table, wrought iron staircase railing, warm beige walls, and dark wood pillars.","photorealistic renovated interior, professional real estate photography, high detail","photorealistic renovated interior, professional real estate photography, high detail, warm greige walls, gray and mustard yellow textiles, patterned neutral area rug, recessed ceiling lights, contemporary transitional",train
/home/jupyter/dataset_lora/after/living_room__2b1d695a82f6d307a1_v3.jpg,2b1d695a82f6d307a1,v3,living room,"warm greige walls, gray and mustard yellow textiles, patterned neutral area rug, recessed ceiling lights, contemporary transitional",Contemporary,Traditional,high,"Plush grey sectional, chrome and glass coffee table, wrought iron staircase railing, warm beige walls, and dark wood pillars.","photorealistic renovated interior, professional real estate photography, high detail","photorealistic renovated interior, professional real estate photography, high detail, warm greige walls, gray and mustard yellow textiles, patterned neutral area rug, recessed ceiling lights, contemporary transitional",train
/home/jupyter/dataset_lora/after/living_room__2b1d695a82f6d307a1_v4.jpg,2b1d695a82f6d307a1,v4,living room,"warm greige walls, gray and mustard yellow textiles, patterned neutral area rug, recessed ceiling lights, contemporary transitional",Contemporary,Traditional,high,"Plush grey sectional, chrome and glass coffee table, wrought iron staircase railing, warm beige walls, and dark wood pillars.","photorealistic renovated interior, professional real estate photography, high detail","photorealistic renovated interior, professional real estate photography, high detail, warm greige walls, gray and mustard yellow textiles, patterned neutral area rug, recessed ceiling lights, contemporary transitional",train
/home/jupyter/dataset_lora/after/living_room__3c5d07e3fc8e30b17b_orig.jpg,3c5d07e3fc8e30b17b,orig,living room,"patterned wallpaper with dark blue trim, light wood floors with a jute rug, recessed ceiling lights, modern traditional",Traditional,Farmhouse,high,"Spindle-legged striped upholstery, jute rug, woven shades, and dark blue trim combine classic structure with rustic warmth.","photorealistic renovated interior, professional real estate photography, high detail","photorealistic renovated interior, professional real estate photography, high detail, patterned wallpaper with dark blue trim, light wood floors with a jute rug, recessed ceiling lights, modern traditional",train
/home/jupyter/dataset_lora/after/living_room__3c5d07e3fc8e30b17b_v0.jpg,3c5d07e3fc8e30b17b,v0,living room,"patterned wallpaper with dark blue trim, light wood floors with a jute rug, recessed ceiling lights, modern traditional",Traditional,Farmhouse,high,"Spindle-legged striped upholstery, jute rug, woven shades, and dark blue trim combine classic structure with rustic warmth.","photorealistic renovated interior, professional real estate photography, high detail","photorealistic renovated interior, professional real estate photography, high detail, patterned wallpaper with dark blue trim, light wood floors with a jute rug, recessed ceiling lights, modern traditional",train
/home/jupyter/dataset_lora/after/living_room__3c5d07e3fc8e30b17b_v1.jpg,3c5d07e3fc8e30b17b,v1,living room,"patterned wallpaper with dark blue trim, light wood floors with a jute rug, recessed ceiling lights, modern traditional",Traditional,Farmhouse,high,"Spindle-legged striped upholstery, jute rug, woven shades, and dark blue trim combine classic structure with rustic warmth.","photorealistic renovated interior, professional real estate photography, high detail","photorealistic renovated interior, professional real estate photography, high detail, patterned wallpaper with dark blue trim, light wood floors with a jute rug, recessed ceiling lights, modern traditional",train
/home/jupyter/dataset_lora/after/living_room__3c5d07e3fc8e30b17b_v2.jpg,3c5d07e3fc8e30b17b,v2,living room,"patterned wallpaper with dark blue trim, light wood floors with a jute rug, recessed ceiling lights, modern traditional",Traditional,Farmhouse,high,"Spindle-legged striped upholstery, jute rug, woven shades, and dark blue trim combine classic structure with rustic warmth.","photorealistic renovated interior, professional real estate photography, high detail","photorealistic renovated interior, professional real estate photography, high detail, patterned wallpaper with dark blue trim, light wood floors with a jute rug, recessed ceiling lights, modern traditional",train
/home/jupyter/dataset_lora/after/living_room__3c5d07e3fc8e30b17b_v3.jpg,3c5d07e3fc8e30b17b,v3,living room,"patterned wallpaper with dark blue trim, light wood floors with a jute rug, recessed ceiling lights, modern traditional",Traditional,Farmhouse,high,"Spindle-legged striped upholstery, jute rug, woven shades, and dark blue trim combine classic structure with rustic warmth.","photorealistic renovated interior, professional real estate photography, high detail","photorealistic renovated interior, professional real estate photography, high detail, patterned wallpaper with dark blue trim, light wood floors with a jute rug, recessed ceiling lights, modern traditional",train
/home/jupyter/dataset_lora/after/living_room__3c5d07e3fc8e30b17b_v4.jpg,3c5d07e3fc8e30b17b,v4,living room,"patterned wallpaper with dark blue trim, light wood floors with a jute rug, recessed ceiling lights, modern traditional",Traditional,Farmhouse,high,"Spindle-legged striped upholstery, jute rug, woven shades, and dark blue trim combine classic structure with rustic warmth.","photorealistic renovated interior, professional real estate photography, high detail","photorealistic renovated interior, professional real estate photography, high detail, patterned wallpaper with dark blue trim, light wood floors with a jute rug, recessed ceiling lights, modern traditional",train
/home/jupyter/dataset_lora/after/living_room__48c1df4abc5e063f3b_orig.jpg,48c1df4abc5e063f3b,orig,living room,"crisp white walls, arched oak display cabinet, light oak flooring, minimalist black sconces, modern traditional",Contemporary,Traditional,high,"Neutral palette, black-framed windows, and clean fireplace paired with a tufted sofa, striped armchairs, and arched wooden cabinet.","photorealistic renovated interior, professional real estate photography, high detail","photorealistic renovated interior, professional real estate photography, high detail, crisp white walls, arched oak display cabinet, light oak flooring, minimalist black sconces, modern traditional",train
/home/jupyter/dataset_lora/after/living_room__48c1df4abc5e063f3b_v0.jpg,48c1df4abc5e063f3b,v0,living room,"crisp white walls, arched oak display cabinet, light oak flooring, minimalist black sconces, modern traditional",Contemporary,Traditional,high,"Neutral palette, black-framed windows, and clean fireplace paired with a tufted sofa, striped armchairs, and arched wooden cabinet.","photorealistic renovated interior, professional real estate photography, high detail","photorealistic renovated interior, professional real estate photography, high detail, crisp white walls, arched oak display cabinet, light oak flooring, minimalist black sconces, modern traditional",train
/home/jupyter/dataset_lora/after/living_room__48c1df4abc5e063f3b_v1.jpg,48c1df4abc5e063f3b,v1,living room,"crisp white walls, arched oak display cabinet, light oak flooring, minimalist black sconces, modern traditional",Contemporary,Traditional,high,"Neutral palette, black-framed windows, and clean fireplace paired with a tufted sofa, striped armchairs, and arched wooden cabinet.","photorealistic renovated interior, professional real estate photography, high detail","photorealistic renovated interior, professional real estate photography, high detail, crisp white walls, arched oak display cabinet, light oak flooring, minimalist black sconces, modern traditional",train
/home/jupyter/dataset_lora/after/living_room__48c1df4abc5e063f3b_v2.jpg,48c1df4abc5e063f3b,v2,living room,"crisp white walls, arched oak display cabinet, light oak flooring, minimalist black sconces, modern traditional",Contemporary,Traditional,high,"Neutral palette, black-framed windows, and clean fireplace paired with a tufted sofa, striped armchairs, and arched wooden cabinet.","photorealistic renovated interior, professional real estate photography, high detail","photorealistic renovated interior, professional real estate photography, high detail, crisp white walls, arched oak display cabinet, light oak flooring, minimalist black sconces, modern traditional",train
/home/jupyter/dataset_lora/after/living_room__48c1df4abc5e063f3b_v3.jpg,48c1df4abc5e063f3b,v3,living room,"crisp white walls, arched oak display cabinet, light oak flooring, minimalist black sconces, modern traditional",Contemporary,Traditional,high,"Neutral palette, black-framed windows, and clean fireplace paired with a tufted sofa, striped armchairs, and arched wooden cabinet.","photorealistic renovated interior, professional real estate photography, high detail","photorealistic renovated interior, professional real estate photography, high detail, crisp white walls, arched oak display cabinet, light oak flooring, minimalist black sconces, modern traditional",train
/home/jupyter/dataset_lora/after/living_room__48c1df4abc5e063f3b_v4.jpg,48c1df4abc5e063f3b,v4,living room,"crisp white walls, arched oak display cabinet, light oak flooring, minimalist black sconces, modern traditional",Contemporary,Traditional,high,"Neutral palette, black-framed windows, and clean fireplace paired with a tufted sofa, striped armchairs, and arched wooden cabinet.","photorealistic renovated interior, professional real estate photography, high detail","photorealistic renovated interior, professional real estate photography, high detail, crisp white walls, arched oak display cabinet, light oak flooring, minimalist black sconces, modern traditional",train
/home/jupyter/dataset_lora/after/living_room__4ee330b2d358c53959_orig.jpg,4ee330b2d358c53959,orig,living room,"warm greige walls, dark hardwood flooring, geometric patterned rug, iron wagon wheel chandelier, modern rustic",Rustic,Traditional,high,"Stacked stone fireplace, wood-beamed vaulted ceiling, traditional wood piano, nailhead trim armchairs, and a geometric patterned rug.","photorealistic renovated interior, professional real estate photography, high detail","photorealistic renovated interior, professional real estate photography, high detail, warm greige walls, dark hardwood flooring, geometric patterned rug, iron wagon wheel chandelier, modern rustic",train
/home/jupyter/dataset_lora/after/living_room__4ee330b2d358c53959_v0.jpg,4ee330b2d358c53959,v0,living room,"warm greige walls, dark hardwood flooring, geometric patterned rug, iron wagon wheel chandelier, modern rustic",Rustic,Traditional,high,"Stacked stone fireplace, wood-beamed vaulted ceiling, traditional wood piano, nailhead trim armchairs, and a geometric patterned rug.","photorealistic renovated interior, professional real estate photography, high detail","photorealistic renovated interior, professional real estate photography, high detail, warm greige walls, dark hardwood flooring, geometric patterned rug, iron wagon wheel chandelier, modern rustic",train
/home/jupyter/dataset_lora/after/living_room__4ee330b2d358c53959_v1.jpg,4ee330b2d358c53959,v1,living room,"warm greige walls, dark hardwood flooring, geometric patterned rug, iron wagon wheel chandelier, modern rustic",Rustic,Traditional,high,"Stacked stone fireplace, wood-beamed vaulted ceiling, traditional wood piano, nailhead trim armchairs, and a geometric patterned rug.","photorealistic renovated interior, professional real estate photography, high detail","photorealistic renovated interior, professional real estate photography, high detail, warm greige walls, dark hardwood flooring, geometric patterned rug, iron wagon wheel chandelier, modern rustic",train
/home/jupyter/dataset_lora/after/living_room__4ee330b2d358c53959_v2.jpg,4ee330b2d358c53959,v2,living room,"warm greige walls, dark hardwood flooring, geometric patterned rug, iron wagon wheel chandelier, modern rustic",Rustic,Traditional,high,"Stacked stone fireplace, wood-beamed vaulted ceiling, traditional wood piano, nailhead trim armchairs, and a geometric patterned rug.","photorealistic renovated interior, professional real estate photography, high detail","photorealistic renovated interior, professional real estate photography, high detail, warm greige walls, dark hardwood flooring, geometric patterned rug, iron wagon wheel chandelier, modern rustic",train
/home/jupyter/dataset_lora/after/living_room__4ee330b2d358c53959_v3.jpg,4ee330b2d358c53959,v3,living room,"warm greige walls, dark hardwood flooring, geometric patterned rug, iron wagon wheel chandelier, modern rustic",Rustic,Traditional,high,"Stacked stone fireplace, wood-beamed vaulted ceiling, traditional wood piano, nailhead trim armchairs, and a geometric patterned rug.","photorealistic renovated interior, professional real estate photography, high detail","photorealistic renovated interior, professional real estate photography, high detail, warm greige walls, dark hardwood flooring, geometric patterned rug, iron wagon wheel chandelier, modern rustic",train
/home/jupyter/dataset_lora/after/living_room__4ee330b2d358c53959_v4.jpg,4ee330b2d358c53959,v4,living room,"warm greige walls, dark hardwood flooring, geometric patterned rug, iron wagon wheel chandelier, modern rustic",Rustic,Traditional,high,"Stacked stone fireplace, wood-beamed vaulted ceiling, traditional wood piano, nailhead trim armchairs, and a geometric patterned rug.","photorealistic renovated interior, professional real estate photography, high detail","photorealistic renovated interior, professional real estate photography, high detail, warm greige walls, dark hardwood flooring, geometric patterned rug, iron wagon wheel chandelier, modern rustic",train
/home/jupyter/dataset_lora/after/living_room__518be685c29c23b28e_orig.jpg,518be685c29c23b28e,orig,living room,"warm gray walls, white built-in shelving with terracotta backing, hardwood flooring, soft table lamp lighting, eclectic transitional",Contemporary,Mid-Century Modern,medium,"Bold orange and blue accents, graphic striped rug, abstract floral artwork, clean-lined grey sofa, and tiled fireplace mantel.","photorealistic renovated interior, professional real estate photography, high detail","photorealistic renovated interior, professional real estate photography, high detail, warm gray walls, white built-in shelving with terracotta backing, hardwood flooring, soft table lamp lighting, eclectic transitional",train
/home/jupyter/dataset_lora/after/living_room__518be685c29c23b28e_v0.jpg,518be685c29c23b28e,v0,living room,"warm gray walls, white built-in shelving with terracotta backing, hardwood flooring, soft table lamp lighting, eclectic transitional",Contemporary,Mid-Century Modern,medium,"Bold orange and blue accents, graphic striped rug, abstract floral artwork, clean-lined grey sofa, and tiled fireplace mantel.","photorealistic renovated interior, professional real estate photography, high detail","photorealistic renovated interior, professional real estate photography, high detail, warm gray walls, white built-in shelving with terracotta backing, hardwood flooring, soft table lamp lighting, eclectic transitional",train
/home/jupyter/dataset_lora/after/living_room__518be685c29c23b28e_v1.jpg,518be685c29c23b28e,v1,living room,"warm gray walls, white built-in shelving with terracotta backing, hardwood flooring, soft table lamp lighting, eclectic transitional",Contemporary,Mid-Century Modern,medium,"Bold orange and blue accents, graphic striped rug, abstract floral artwork, clean-lined grey sofa, and tiled fireplace mantel.","photorealistic renovated interior, professional real estate photography, high detail","photorealistic renovated interior, professional real estate photography, high detail, warm gray walls, white built-in shelving with terracotta backing, hardwood flooring, soft table lamp lighting, eclectic transitional",train
/home/jupyter/dataset_lora/after/living_room__518be685c29c23b28e_v2.jpg,518be685c29c23b28e,v2,living room,"warm gray walls, white built-in shelving with terracotta backing, hardwood flooring, soft table lamp lighting, eclectic transitional",Contemporary,Mid-Century Modern,medium,"Bold orange and blue accents, graphic striped rug, abstract floral artwork, clean-lined grey sofa, and tiled fireplace mantel.","photorealistic renovated interior, professional real estate photography, high detail","photorealistic renovated interior, professional real estate photography, high detail, warm gray walls, white built-in shelving with terracotta backing, hardwood flooring, soft table lamp lighting, eclectic transitional",train
/home/jupyter/dataset_lora/after/living_room__518be685c29c23b28e_v3.jpg,518be685c29c23b28e,v3,living room,"warm gray walls, white built-in shelving with terracotta backing, hardwood flooring, soft table lamp lighting, eclectic transitional",Contemporary,Mid-Century Modern,medium,"Bold orange and blue accents, graphic striped rug, abstract floral artwork, clean-lined grey sofa, and tiled fireplace mantel.","photorealistic renovated interior, professional real estate photography, high detail","photorealistic renovated interior, professional real estate photography, high detail, warm gray walls, white built-in shelving with terracotta backing, hardwood flooring, soft table lamp lighting, eclectic transitional",train
/home/jupyter/dataset_lora/after/living_room__518be685c29c23b28e_v4.jpg,518be685c29c23b28e,v4,living room,"warm gray walls, white built-in shelving with terracotta backing, hardwood flooring, soft table lamp lighting, eclectic transitional",Contemporary,Mid-Century Modern,medium,"Bold orange and blue accents, graphic striped rug, abstract floral artwork, clean-lined grey sofa, and tiled fireplace mantel.","photorealistic renovated interior, professional real estate photography, high detail","photorealistic renovated interior, professional real estate photography, high detail, warm gray walls, white built-in shelving with terracotta backing, hardwood flooring, soft table lamp lighting, eclectic transitional",train
/home/jupyter/dataset_lora/after/living_room__587afa1a897431184c_orig.jpg,587afa1a897431184c,orig,living room,"Light gray walls, warm hardwood flooring with a vibrant patterned rug, teal ceramic table lamps, eclectic maximalist",Traditional,Bohemian,high,"Tufted purple velvet Chesterfield sofa, ornate gold-framed gallery wall, colorful patterned rug, and classic wood furniture.","photorealistic renovated interior, professional real estate photography, high detail","photorealistic renovated interior, professional real estate photography, high detail, Light gray walls, warm hardwood flooring with a vibrant patterned rug, teal ceramic table lamps, eclectic maximalist",train
/home/jupyter/dataset_lora/after/living_room__587afa1a897431184c_v0.jpg,587afa1a897431184c,v0,living room,"Light gray walls, warm hardwood flooring with a vibrant patterned rug, teal ceramic table lamps, eclectic maximalist",Traditional,Bohemian,high,"Tufted purple velvet Chesterfield sofa, ornate gold-framed gallery wall, colorful patterned rug, and classic wood furniture.","photorealistic renovated interior, professional real estate photography, high detail","photorealistic renovated interior, professional real estate photography, high detail, Light gray walls, warm hardwood flooring with a vibrant patterned rug, teal ceramic table lamps, eclectic maximalist",train
/home/jupyter/dataset_lora/after/living_room__587afa1a897431184c_v1.jpg,587afa1a897431184c,v1,living room,"Light gray walls, warm hardwood flooring with a vibrant patterned rug, teal ceramic table lamps, eclectic maximalist",Traditional,Bohemian,high,"Tufted purple velvet Chesterfield sofa, ornate gold-framed gallery wall, colorful patterned rug, and classic wood furniture.","photorealistic renovated interior, professional real estate photography, high detail","photorealistic renovated interior, professional real estate photography, high detail, Light gray walls, warm hardwood flooring with a vibrant patterned rug, teal ceramic table lamps, eclectic maximalist",train
/home/jupyter/dataset_lora/after/living_room__587afa1a897431184c_v2.jpg,587afa1a897431184c,v2,living room,"Light gray walls, warm hardwood flooring with a vibrant patterned rug, teal ceramic table lamps, eclectic maximalist",Traditional,Bohemian,high,"Tufted purple velvet Chesterfield sofa, ornate gold-framed gallery wall, colorful patterned rug, and classic wood furniture.","photorealistic renovated interior, professional real estate photography, high detail","photorealistic renovated interior, professional real estate photography, high detail, Light gray walls, warm hardwood flooring with a vibrant patterned rug, teal ceramic table lamps, eclectic maximalist",train
/home/jupyter/dataset_lora/after/living_room__587afa1a897431184c_v3.jpg,587afa1a897431184c,v3,living room,"Light gray walls, warm hardwood flooring with a vibrant patterned rug, teal ceramic table lamps, eclectic maximalist",Traditional,Bohemian,high,"Tufted purple velvet Chesterfield sofa, ornate gold-framed gallery wall, colorful patterned rug, and classic wood furniture.","photorealistic renovated interior, professional real estate photography, high detail","photorealistic renovated interior, professional real estate photography, high detail, Light gray walls, warm hardwood flooring with a vibrant patterned rug, teal ceramic table lamps, eclectic maximalist",train
/home/jupyter/dataset_lora/after/living_room__587afa1a897431184c_v4.jpg,587afa1a897431184c,v4,living room,"Light gray walls, warm hardwood flooring with a vibrant patterned rug, teal ceramic table lamps, eclectic maximalist",Traditional,Bohemian,high,"Tufted purple velvet Chesterfield sofa, ornate gold-framed gallery wall, colorful patterned rug, and classic wood furniture.","photorealistic renovated interior, professional real estate photography, high detail","photorealistic renovated interior, professional real estate photography, high detail, Light gray walls, warm hardwood flooring with a vibrant patterned rug, teal ceramic table lamps, eclectic maximalist",train
/home/jupyter/dataset_lora/after/living_room__5cc2b0e57117bc9f23_orig.jpg,5cc2b0e57117bc9f23,orig,living room,"reclaimed wood walls, stone tile fireplace, floating black shelves, light oak flooring, industrial cage pendant, rustic modern",Contemporary,Rustic,high,"Sleek large-format tiled fireplace, floating black shelves, reclaimed wood plank walls, wire cage lighting, and a wooden console table.","photorealistic renovated interior, professional real estate photography, high detail","photorealistic renovated interior, professional real estate photography, high detail, reclaimed wood walls, stone tile fireplace, floating black shelves, light oak flooring, industrial cage pendant, rustic modern",train
/home/jupyter/dataset_lora/after/living_room__5cc2b0e57117bc9f23_v0.jpg,5cc2b0e57117bc9f23,v0,living room,"reclaimed wood walls, stone tile fireplace, floating black shelves, light oak flooring, industrial cage pendant, rustic modern",Contemporary,Rustic,high,"Sleek large-format tiled fireplace, floating black shelves, reclaimed wood plank walls, wire cage lighting, and a wooden console table.","photorealistic renovated interior, professional real estate photography, high detail","photorealistic renovated interior, professional real estate photography, high detail, reclaimed wood walls, stone tile fireplace, floating black shelves, light oak flooring, industrial cage pendant, rustic modern",train
/home/jupyter/dataset_lora/after/living_room__5cc2b0e57117bc9f23_v1.jpg,5cc2b0e57117bc9f23,v1,living room,"reclaimed wood walls, stone tile fireplace, floating black shelves, light oak flooring, industrial cage pendant, rustic modern",Contemporary,Rustic,high,"Sleek large-format tiled fireplace, floating black shelves, reclaimed wood plank walls, wire cage lighting, and a wooden console table.","photorealistic renovated interior, professional real estate photography, high detail","photorealistic renovated interior, professional real estate photography, high detail, reclaimed wood walls, stone tile fireplace, floating black shelves, light oak flooring, industrial cage pendant, rustic modern",train
/home/jupyter/dataset_lora/after/living_room__5cc2b0e57117bc9f23_v2.jpg,5cc2b0e57117bc9f23,v2,living room,"reclaimed wood walls, stone tile fireplace, floating black shelves, light oak flooring, industrial cage pendant, rustic modern",Contemporary,Rustic,high,"Sleek large-format tiled fireplace, floating black shelves, reclaimed wood plank walls, wire cage lighting, and a wooden console table.","photorealistic renovated interior, professional real estate photography, high detail","photorealistic renovated interior, professional real estate photography, high detail, reclaimed wood walls, stone tile fireplace, floating black shelves, light oak flooring, industrial cage pendant, rustic modern",train
/home/jupyter/dataset_lora/after/living_room__5cc2b0e57117bc9f23_v3.jpg,5cc2b0e57117bc9f23,v3,living room,"reclaimed wood walls, stone tile fireplace, floating black shelves, light oak flooring, industrial cage pendant, rustic modern",Contemporary,Rustic,high,"Sleek large-format tiled fireplace, floating black shelves, reclaimed wood plank walls, wire cage lighting, and a wooden console table.","photorealistic renovated interior, professional real estate photography, high detail","photorealistic renovated interior, professional real estate photography, high detail, reclaimed wood walls, stone tile fireplace, floating black shelves, light oak flooring, industrial cage pendant, rustic modern",train
/home/jupyter/dataset_lora/after/living_room__5cc2b0e57117bc9f23_v4.jpg,5cc2b0e57117bc9f23,v4,living room,"reclaimed wood walls, stone tile fireplace, floating black shelves, light oak flooring, industrial cage pendant, rustic modern",Contemporary,Rustic,high,"Sleek large-format tiled fireplace, floating black shelves, reclaimed wood plank walls, wire cage lighting, and a wooden console table.","photorealistic renovated interior, professional real estate photography, high detail","photorealistic renovated interior, professional real estate photography, high detail, reclaimed wood walls, stone tile fireplace, floating black shelves, light oak flooring, industrial cage pendant, rustic modern",train
/home/jupyter/dataset_lora/after/living_room__657bdc998f79d35cf5_orig.jpg,657bdc998f79d35cf5,orig,living room,"cool gray walls, dark wood built-in media shelving, polished travertine tile flooring, large orb chandelier, transitional",Traditional,Contemporary,high,"Polished stone flooring, wrought iron staircase, dark wood built-ins, blue sectional, and a crystal orb chandelier.","photorealistic renovated interior, professional real estate photography, high detail","photorealistic renovated interior, professional real estate photography, high detail, cool gray walls, dark wood built-in media shelving, polished travertine tile flooring, large orb chandelier, transitional",train
/home/jupyter/dataset_lora/after/living_room__657bdc998f79d35cf5_v0.jpg,657bdc998f79d35cf5,v0,living room,"cool gray walls, dark wood built-in media shelving, polished travertine tile flooring, large orb chandelier, transitional",Traditional,Contemporary,high,"Polished stone flooring, wrought iron staircase, dark wood built-ins, blue sectional, and a crystal orb chandelier.","photorealistic renovated interior, professional real estate photography, high detail","photorealistic renovated interior, professional real estate photography, high detail, cool gray walls, dark wood built-in media shelving, polished travertine tile flooring, large orb chandelier, transitional",train
/home/jupyter/dataset_lora/after/living_room__657bdc998f79d35cf5_v1.jpg,657bdc998f79d35cf5,v1,living room,"cool gray walls, dark wood built-in media shelving, polished travertine tile flooring, large orb chandelier, transitional",Traditional,Contemporary,high,"Polished stone flooring, wrought iron staircase, dark wood built-ins, blue sectional, and a crystal orb chandelier.","photorealistic renovated interior, professional real estate photography, high detail","photorealistic renovated interior, professional real estate photography, high detail, cool gray walls, dark wood built-in media shelving, polished travertine tile flooring, large orb chandelier, transitional",train
/home/jupyter/dataset_lora/after/living_room__657bdc998f79d35cf5_v2.jpg,657bdc998f79d35cf5,v2,living room,"cool gray walls, dark wood built-in media shelving, polished travertine tile flooring, large orb chandelier, transitional",Traditional,Contemporary,high,"Polished stone flooring, wrought iron staircase, dark wood built-ins, blue sectional, and a crystal orb chandelier.","photorealistic renovated interior, professional real estate photography, high detail","photorealistic renovated interior, professional real estate photography, high detail, cool gray walls, dark wood built-in media shelving, polished travertine tile flooring, large orb chandelier, transitional",train
/home/jupyter/dataset_lora/after/living_room__657bdc998f79d35cf5_v3.jpg,657bdc998f79d35cf5,v3,living room,"cool gray walls, dark wood built-in media shelving, polished travertine tile flooring, large orb chandelier, transitional",Traditional,Contemporary,high,"Polished stone flooring, wrought iron staircase, dark wood built-ins, blue sectional, and a crystal orb chandelier.","photorealistic renovated interior, professional real estate photography, high detail","photorealistic renovated interior, professional real estate photography, high detail, cool gray walls, dark wood built-in media shelving, polished travertine tile flooring, large orb chandelier, transitional",train
/home/jupyter/dataset_lora/after/living_room__657bdc998f79d35cf5_v4.jpg,657bdc998f79d35cf5,v4,living room,"cool gray walls, dark wood built-in media shelving, polished travertine tile flooring, large orb chandelier, transitional",Traditional,Contemporary,high,"Polished stone flooring, wrought iron staircase, dark wood built-ins, blue sectional, and a crystal orb chandelier.","photorealistic renovated interior, professional real estate photography, high detail","photorealistic renovated interior, professional real estate photography, high detail, cool gray walls, dark wood built-in media shelving, polished travertine tile flooring, large orb chandelier, transitional",train
/home/jupyter/dataset_lora/after/living_room__6b42083767bc557f64_orig.jpg,6b42083767bc557f64,orig,living room,"neutral walls with chevron accent, dark wood built-in shelving, travertine tile flooring, oversized orb crystal chandelier, dramatic transitional",Contemporary,Traditional,high,"Large glass doors, geometric chevron column, and orb chandelier mix with dark wood built-ins, striped armchairs, and travertine tile.","photorealistic renovated interior, professional real estate photography, high detail","photorealistic renovated interior, professional real estate photography, high detail, neutral walls with chevron accent, dark wood built-in shelving, travertine tile flooring, oversized orb crystal chandelier, dramatic transitional",train
/home/jupyter/dataset_lora/after/living_room__6b42083767bc557f64_v0.jpg,6b42083767bc557f64,v0,living room,"neutral walls with chevron accent, dark wood built-in shelving, travertine tile flooring, oversized orb crystal chandelier, dramatic transitional",Contemporary,Traditional,high,"Large glass doors, geometric chevron column, and orb chandelier mix with dark wood built-ins, striped armchairs, and travertine tile.","photorealistic renovated interior, professional real estate photography, high detail","photorealistic renovated interior, professional real estate photography, high detail, neutral walls with chevron accent, dark wood built-in shelving, travertine tile flooring, oversized orb crystal chandelier, dramatic transitional",train
/home/jupyter/dataset_lora/after/living_room__6b42083767bc557f64_v1.jpg,6b42083767bc557f64,v1,living room,"neutral walls with chevron accent, dark wood built-in shelving, travertine tile flooring, oversized orb crystal chandelier, dramatic transitional",Contemporary,Traditional,high,"Large glass doors, geometric chevron column, and orb chandelier mix with dark wood built-ins, striped armchairs, and travertine tile.","photorealistic renovated interior, professional real estate photography, high detail","photorealistic renovated interior, professional real estate photography, high detail, neutral walls with chevron accent, dark wood built-in shelving, travertine tile flooring, oversized orb crystal chandelier, dramatic transitional",train
/home/jupyter/dataset_lora/after/living_room__6b42083767bc557f64_v2.jpg,6b42083767bc557f64,v2,living room,"neutral walls with chevron accent, dark wood built-in shelving, travertine tile flooring, oversized orb crystal chandelier, dramatic transitional",Contemporary,Traditional,high,"Large glass doors, geometric chevron column, and orb chandelier mix with dark wood built-ins, striped armchairs, and travertine tile.","photorealistic renovated interior, professional real estate photography, high detail","photorealistic renovated interior, professional real estate photography, high detail, neutral walls with chevron accent, dark wood built-in shelving, travertine tile flooring, oversized orb crystal chandelier, dramatic transitional",train
/home/jupyter/dataset_lora/after/living_room__6b42083767bc557f64_v3.jpg,6b42083767bc557f64,v3,living room,"neutral walls with chevron accent, dark wood built-in shelving, travertine tile flooring, oversized orb crystal chandelier, dramatic transitional",Contemporary,Traditional,high,"Large glass doors, geometric chevron column, and orb chandelier mix with dark wood built-ins, striped armchairs, and travertine tile.","photorealistic renovated interior, professional real estate photography, high detail","photorealistic renovated interior, professional real estate photography, high detail, neutral walls with chevron accent, dark wood built-in shelving, travertine tile flooring, oversized orb crystal chandelier, dramatic transitional",train
/home/jupyter/dataset_lora/after/living_room__6b42083767bc557f64_v4.jpg,6b42083767bc557f64,v4,living room,"neutral walls with chevron accent, dark wood built-in shelving, travertine tile flooring, oversized orb crystal chandelier, dramatic transitional",Contemporary,Traditional,high,"Large glass doors, geometric chevron column, and orb chandelier mix with dark wood built-ins, striped armchairs, and travertine tile.","photorealistic renovated interior, professional real estate photography, high detail","photorealistic renovated interior, professional real estate photography, high detail, neutral walls with chevron accent, dark wood built-in shelving, travertine tile flooring, oversized orb crystal chandelier, dramatic transitional",train
/home/jupyter/dataset_lora/after/living_room__8834c1fb10b7e94c71_orig.jpg,8834c1fb10b7e94c71,orig,living room,"Sage green walls with white trim, white built-in bookcase, dark wood flooring, modern cylinder wall sconces, transitional",Traditional,Contemporary,high,"Dark wood mantel, rolled-arm leather armchair, symmetrical layout, sage green walls, contemporary sconces, and clean-lined coffee table.","photorealistic renovated interior, professional real estate photography, high detail","photorealistic renovated interior, professional real estate photography, high detail, Sage green walls with white trim, white built-in bookcase, dark wood flooring, modern cylinder wall sconces, transitional",train
/home/jupyter/dataset_lora/after/living_room__8834c1fb10b7e94c71_v0.jpg,8834c1fb10b7e94c71,v0,living room,"Sage green walls with white trim, white built-in bookcase, dark wood flooring, modern cylinder wall sconces, transitional",Traditional,Contemporary,high,"Dark wood mantel, rolled-arm leather armchair, symmetrical layout, sage green walls, contemporary sconces, and clean-lined coffee table.","photorealistic renovated interior, professional real estate photography, high detail","photorealistic renovated interior, professional real estate photography, high detail, Sage green walls with white trim, white built-in bookcase, dark wood flooring, modern cylinder wall sconces, transitional",train
/home/jupyter/dataset_lora/after/living_room__8834c1fb10b7e94c71_v1.jpg,8834c1fb10b7e94c71,v1,living room,"Sage green walls with white trim, white built-in bookcase, dark wood flooring, modern cylinder wall sconces, transitional",Traditional,Contemporary,high,"Dark wood mantel, rolled-arm leather armchair, symmetrical layout, sage green walls, contemporary sconces, and clean-lined coffee table.","photorealistic renovated interior, professional real estate photography, high detail","photorealistic renovated interior, professional real estate photography, high detail, Sage green walls with white trim, white built-in bookcase, dark wood flooring, modern cylinder wall sconces, transitional",train
/home/jupyter/dataset_lora/after/living_room__8834c1fb10b7e94c71_v2.jpg,8834c1fb10b7e94c71,v2,living room,"Sage green walls with white trim, white built-in bookcase, dark wood flooring, modern cylinder wall sconces, transitional",Traditional,Contemporary,high,"Dark wood mantel, rolled-arm leather armchair, symmetrical layout, sage green walls, contemporary sconces, and clean-lined coffee table.","photorealistic renovated interior, professional real estate photography, high detail","photorealistic renovated interior, professional real estate photography, high detail, Sage green walls with white trim, white built-in bookcase, dark wood flooring, modern cylinder wall sconces, transitional",train
/home/jupyter/dataset_lora/after/living_room__8834c1fb10b7e94c71_v3.jpg,8834c1fb10b7e94c71,v3,living room,"Sage green walls with white trim, white built-in bookcase, dark wood flooring, modern cylinder wall sconces, transitional",Traditional,Contemporary,high,"Dark wood mantel, rolled-arm leather armchair, symmetrical layout, sage green walls, contemporary sconces, and clean-lined coffee table.","photorealistic renovated interior, professional real estate photography, high detail","photorealistic renovated interior, professional real estate photography, high detail, Sage green walls with white trim, white built-in bookcase, dark wood flooring, modern cylinder wall sconces, transitional",train
/home/jupyter/dataset_lora/after/living_room__8834c1fb10b7e94c71_v4.jpg,8834c1fb10b7e94c71,v4,living room,"Sage green walls with white trim, white built-in bookcase, dark wood flooring, modern cylinder wall sconces, transitional",Traditional,Contemporary,high,"Dark wood mantel, rolled-arm leather armchair, symmetrical layout, sage green walls, contemporary sconces, and clean-lined coffee table.","photorealistic renovated interior, professional real estate photography, high detail","photorealistic renovated interior, professional real estate photography, high detail, Sage green walls with white trim, white built-in bookcase, dark wood flooring, modern cylinder wall sconces, transitional",train
/home/jupyter/dataset_lora/after/living_room__919db21b37039f60ec_orig.jpg,919db21b37039f60ec,orig,living room,"pale sage green walls, beige carpeting with a patterned gray area rug, classic metal chandelier, transitional",Contemporary,Traditional,medium,"Grey and yellow palette, clean-lined sofa, nailhead trim accent chair, classic chandelier, and industrial metal coffee table.","photorealistic renovated interior, professional real estate photography, high detail","photorealistic renovated interior, professional real estate photography, high detail, pale sage green walls, beige carpeting with a patterned gray area rug, classic metal chandelier, transitional",train
/home/jupyter/dataset_lora/after/living_room__919db21b37039f60ec_v0.jpg,919db21b37039f60ec,v0,living room,"pale sage green walls, beige carpeting with a patterned gray area rug, classic metal chandelier, transitional",Contemporary,Traditional,medium,"Grey and yellow palette, clean-lined sofa, nailhead trim accent chair, classic chandelier, and industrial metal coffee table.","photorealistic renovated interior, professional real estate photography, high detail","photorealistic renovated interior, professional real estate photography, high detail, pale sage green walls, beige carpeting with a patterned gray area rug, classic metal chandelier, transitional",train
/home/jupyter/dataset_lora/after/living_room__919db21b37039f60ec_v1.jpg,919db21b37039f60ec,v1,living room,"pale sage green walls, beige carpeting with a patterned gray area rug, classic metal chandelier, transitional",Contemporary,Traditional,medium,"Grey and yellow palette, clean-lined sofa, nailhead trim accent chair, classic chandelier, and industrial metal coffee table.","photorealistic renovated interior, professional real estate photography, high detail","photorealistic renovated interior, professional real estate photography, high detail, pale sage green walls, beige carpeting with a patterned gray area rug, classic metal chandelier, transitional",train
/home/jupyter/dataset_lora/after/living_room__919db21b37039f60ec_v2.jpg,919db21b37039f60ec,v2,living room,"pale sage green walls, beige carpeting with a patterned gray area rug, classic metal chandelier, transitional",Contemporary,Traditional,medium,"Grey and yellow palette, clean-lined sofa, nailhead trim accent chair, classic chandelier, and industrial metal coffee table.","photorealistic renovated interior, professional real estate photography, high detail","photorealistic renovated interior, professional real estate photography, high detail, pale sage green walls, beige carpeting with a patterned gray area rug, classic metal chandelier, transitional",train
/home/jupyter/dataset_lora/after/living_room__919db21b37039f60ec_v3.jpg,919db21b37039f60ec,v3,living room,"pale sage green walls, beige carpeting with a patterned gray area rug, classic metal chandelier, transitional",Contemporary,Traditional,medium,"Grey and yellow palette, clean-lined sofa, nailhead trim accent chair, classic chandelier, and industrial metal coffee table.","photorealistic renovated interior, professional real estate photography, high detail","photorealistic renovated interior, professional real estate photography, high detail, pale sage green walls, beige carpeting with a patterned gray area rug, classic metal chandelier, transitional",train
/home/jupyter/dataset_lora/after/living_room__919db21b37039f60ec_v4.jpg,919db21b37039f60ec,v4,living room,"pale sage green walls, beige carpeting with a patterned gray area rug, classic metal chandelier, transitional",Contemporary,Traditional,medium,"Grey and yellow palette, clean-lined sofa, nailhead trim accent chair, classic chandelier, and industrial metal coffee table.","photorealistic renovated interior, professional real estate photography, high detail","photorealistic renovated interior, professional real estate photography, high detail, pale sage green walls, beige carpeting with a patterned gray area rug, classic metal chandelier, transitional",train
/home/jupyter/dataset_lora/after/living_room__93d40a33bb68bb8d7b_orig.jpg,93d40a33bb68bb8d7b,orig,living room,"pale blue walls, chevron drapery, white and olive seating, patterned purple area rug, eclectic contemporary",Contemporary,Traditional,medium,"Bold chevron curtains, vibrant pink and green palette, rolled-arm armchairs, black lacquered coffee tables, and geometric patterned textiles.","photorealistic renovated interior, professional real estate photography, high detail","photorealistic renovated interior, professional real estate photography, high detail, pale blue walls, chevron drapery, white and olive seating, patterned purple area rug, eclectic contemporary",train
/home/jupyter/dataset_lora/after/living_room__93d40a33bb68bb8d7b_v0.jpg,93d40a33bb68bb8d7b,v0,living room,"pale blue walls, chevron drapery, white and olive seating, patterned purple area rug, eclectic contemporary",Contemporary,Traditional,medium,"Bold chevron curtains, vibrant pink and green palette, rolled-arm armchairs, black lacquered coffee tables, and geometric patterned textiles.","photorealistic renovated interior, professional real estate photography, high detail","photorealistic renovated interior, professional real estate photography, high detail, pale blue walls, chevron drapery, white and olive seating, patterned purple area rug, eclectic contemporary",train
/home/jupyter/dataset_lora/after/living_room__93d40a33bb68bb8d7b_v1.jpg,93d40a33bb68bb8d7b,v1,living room,"pale blue walls, chevron drapery, white and olive seating, patterned purple area rug, eclectic contemporary",Contemporary,Traditional,medium,"Bold chevron curtains, vibrant pink and green palette, rolled-arm armchairs, black lacquered coffee tables, and geometric patterned textiles.","photorealistic renovated interior, professional real estate photography, high detail","photorealistic renovated interior, professional real estate photography, high detail, pale blue walls, chevron drapery, white and olive seating, patterned purple area rug, eclectic contemporary",train
/home/jupyter/dataset_lora/after/living_room__93d40a33bb68bb8d7b_v2.jpg,93d40a33bb68bb8d7b,v2,living room,"pale blue walls, chevron drapery, white and olive seating, patterned purple area rug, eclectic contemporary",Contemporary,Traditional,medium,"Bold chevron curtains, vibrant pink and green palette, rolled-arm armchairs, black lacquered coffee tables, and geometric patterned textiles.","photorealistic renovated interior, professional real estate photography, high detail","photorealistic renovated interior, professional real estate photography, high detail, pale blue walls, chevron drapery, white and olive seating, patterned purple area rug, eclectic contemporary",train
/home/jupyter/dataset_lora/after/living_room__93d40a33bb68bb8d7b_v3.jpg,93d40a33bb68bb8d7b,v3,living room,"pale blue walls, chevron drapery, white and olive seating, patterned purple area rug, eclectic contemporary",Contemporary,Traditional,medium,"Bold chevron curtains, vibrant pink and green palette, rolled-arm armchairs, black lacquered coffee tables, and geometric patterned textiles.","photorealistic renovated interior, professional real estate photography, high detail","photorealistic renovated interior, professional real estate photography, high detail, pale blue walls, chevron drapery, white and olive seating, patterned purple area rug, eclectic contemporary",train
/home/jupyter/dataset_lora/after/living_room__93d40a33bb68bb8d7b_v4.jpg,93d40a33bb68bb8d7b,v4,living room,"pale blue walls, chevron drapery, white and olive seating, patterned purple area rug, eclectic contemporary",Contemporary,Traditional,medium,"Bold chevron curtains, vibrant pink and green palette, rolled-arm armchairs, black lacquered coffee tables, and geometric patterned textiles.","photorealistic renovated interior, professional real estate photography, high detail","photorealistic renovated interior, professional real estate photography, high detail, pale blue walls, chevron drapery, white and olive seating, patterned purple area rug, eclectic contemporary",train
/home/jupyter/dataset_lora/after/living_room__93eefd5d4cc7f17d3c_orig.jpg,93eefd5d4cc7f17d3c,orig,living room,"light gray walls, dark wood beams, white built-ins with wood shelves, dark wood flooring, black floor lamp, modern rustic",Farmhouse,Rustic,high,"Exposed dark wood ceiling beams, rustic wooden console with woven baskets, blanket ladder, and a chunky wood fireplace mantel.","photorealistic renovated interior, professional real estate photography, high detail","photorealistic renovated interior, professional real estate photography, high detail, light gray walls, dark wood beams, white built-ins with wood shelves, dark wood flooring, black floor lamp, modern rustic",train
/home/jupyter/dataset_lora/after/living_room__93eefd5d4cc7f17d3c_v0.jpg,93eefd5d4cc7f17d3c,v0,living room,"light gray walls, dark wood beams, white built-ins with wood shelves, dark wood flooring, black floor lamp, modern rustic",Farmhouse,Rustic,high,"Exposed dark wood ceiling beams, rustic wooden console with woven baskets, blanket ladder, and a chunky wood fireplace mantel.","photorealistic renovated interior, professional real estate photography, high detail","photorealistic renovated interior, professional real estate photography, high detail, light gray walls, dark wood beams, white built-ins with wood shelves, dark wood flooring, black floor lamp, modern rustic",train
/home/jupyter/dataset_lora/after/living_room__93eefd5d4cc7f17d3c_v1.jpg,93eefd5d4cc7f17d3c,v1,living room,"light gray walls, dark wood beams, white built-ins with wood shelves, dark wood flooring, black floor lamp, modern rustic",Farmhouse,Rustic,high,"Exposed dark wood ceiling beams, rustic wooden console with woven baskets, blanket ladder, and a chunky wood fireplace mantel.","photorealistic renovated interior, professional real estate photography, high detail","photorealistic renovated interior, professional real estate photography, high detail, light gray walls, dark wood beams, white built-ins with wood shelves, dark wood flooring, black floor lamp, modern rustic",train
/home/jupyter/dataset_lora/after/living_room__93eefd5d4cc7f17d3c_v2.jpg,93eefd5d4cc7f17d3c,v2,living room,"light gray walls, dark wood beams, white built-ins with wood shelves, dark wood flooring, black floor lamp, modern rustic",Farmhouse,Rustic,high,"Exposed dark wood ceiling beams, rustic wooden console with woven baskets, blanket ladder, and a chunky wood fireplace mantel.","photorealistic renovated interior, professional real estate photography, high detail","photorealistic renovated interior, professional real estate photography, high detail, light gray walls, dark wood beams, white built-ins with wood shelves, dark wood flooring, black floor lamp, modern rustic",train
/home/jupyter/dataset_lora/after/living_room__93eefd5d4cc7f17d3c_v3.jpg,93eefd5d4cc7f17d3c,v3,living room,"light gray walls, dark wood beams, white built-ins with wood shelves, dark wood flooring, black floor lamp, modern rustic",Farmhouse,Rustic,high,"Exposed dark wood ceiling beams, rustic wooden console with woven baskets, blanket ladder, and a chunky wood fireplace mantel.","photorealistic renovated interior, professional real estate photography, high detail","photorealistic renovated interior, professional real estate photography, high detail, light gray walls, dark wood beams, white built-ins with wood shelves, dark wood flooring, black floor lamp, modern rustic",train
/home/jupyter/dataset_lora/after/living_room__93eefd5d4cc7f17d3c_v4.jpg,93eefd5d4cc7f17d3c,v4,living room,"light gray walls, dark wood beams, white built-ins with wood shelves, dark wood flooring, black floor lamp, modern rustic",Farmhouse,Rustic,high,"Exposed dark wood ceiling beams, rustic wooden console with woven baskets, blanket ladder, and a chunky wood fireplace mantel.","photorealistic renovated interior, professional real estate photography, high detail","photorealistic renovated interior, professional real estate photography, high detail, light gray walls, dark wood beams, white built-ins with wood shelves, dark wood flooring, black floor lamp, modern rustic",train
/home/jupyter/dataset_lora/after/living_room__940f587f7da2bce55c_orig.jpg,940f587f7da2bce55c,orig,living room,"soft greige walls, mid-century wood shelving, warm wood floors with patterned rug, brass table lamp, mid-century modern",Mid-Century Modern,Contemporary,high,"Tapered wood legs, hairpin side table, tufted sofa, organic armchair, round mirror, neutral palette, and sheepskin rug.","photorealistic renovated interior, professional real estate photography, high detail","photorealistic renovated interior, professional real estate photography, high detail, soft greige walls, mid-century wood shelving, warm wood floors with patterned rug, brass table lamp, mid-century modern",train
/home/jupyter/dataset_lora/after/living_room__940f587f7da2bce55c_v0.jpg,940f587f7da2bce55c,v0,living room,"soft greige walls, mid-century wood shelving, warm wood floors with patterned rug, brass table lamp, mid-century modern",Mid-Century Modern,Contemporary,high,"Tapered wood legs, hairpin side table, tufted sofa, organic armchair, round mirror, neutral palette, and sheepskin rug.","photorealistic renovated interior, professional real estate photography, high detail","photorealistic renovated interior, professional real estate photography, high detail, soft greige walls, mid-century wood shelving, warm wood floors with patterned rug, brass table lamp, mid-century modern",train
/home/jupyter/dataset_lora/after/living_room__940f587f7da2bce55c_v1.jpg,940f587f7da2bce55c,v1,living room,"soft greige walls, mid-century wood shelving, warm wood floors with patterned rug, brass table lamp, mid-century modern",Mid-Century Modern,Contemporary,high,"Tapered wood legs, hairpin side table, tufted sofa, organic armchair, round mirror, neutral palette, and sheepskin rug.","photorealistic renovated interior, professional real estate photography, high detail","photorealistic renovated interior, professional real estate photography, high detail, soft greige walls, mid-century wood shelving, warm wood floors with patterned rug, brass table lamp, mid-century modern",train
/home/jupyter/dataset_lora/after/living_room__940f587f7da2bce55c_v2.jpg,940f587f7da2bce55c,v2,living room,"soft greige walls, mid-century wood shelving, warm wood floors with patterned rug, brass table lamp, mid-century modern",Mid-Century Modern,Contemporary,high,"Tapered wood legs, hairpin side table, tufted sofa, organic armchair, round mirror, neutral palette, and sheepskin rug.","photorealistic renovated interior, professional real estate photography, high detail","photorealistic renovated interior, professional real estate photography, high detail, soft greige walls, mid-century wood shelving, warm wood floors with patterned rug, brass table lamp, mid-century modern",train
/home/jupyter/dataset_lora/after/living_room__940f587f7da2bce55c_v3.jpg,940f587f7da2bce55c,v3,living room,"soft greige walls, mid-century wood shelving, warm wood floors with patterned rug, brass table lamp, mid-century modern",Mid-Century Modern,Contemporary,high,"Tapered wood legs, hairpin side table, tufted sofa, organic armchair, round mirror, neutral palette, and sheepskin rug.","photorealistic renovated interior, professional real estate photography, high detail","photorealistic renovated interior, professional real estate photography, high detail, soft greige walls, mid-century wood shelving, warm wood floors with patterned rug, brass table lamp, mid-century modern",train
/home/jupyter/dataset_lora/after/living_room__940f587f7da2bce55c_v4.jpg,940f587f7da2bce55c,v4,living room,"soft greige walls, mid-century wood shelving, warm wood floors with patterned rug, brass table lamp, mid-century modern",Mid-Century Modern,Contemporary,high,"Tapered wood legs, hairpin side table, tufted sofa, organic armchair, round mirror, neutral palette, and sheepskin rug.","photorealistic renovated interior, professional real estate photography, high detail","photorealistic renovated interior, professional real estate photography, high detail, soft greige walls, mid-century wood shelving, warm wood floors with patterned rug, brass table lamp, mid-century modern",train
/home/jupyter/dataset_lora/after/living_room__98625ec09d7ad72f86_orig.jpg,98625ec09d7ad72f86,orig,living room,"slate blue walls, white herringbone fireplace tile, dark wood accent cabinet, dark hardwood flooring, warm wall sconces, transitional",Traditional,Rustic,high,"Ornate white mantel, damask patterned armchairs, crown molding, and a heavy slatted rustic wood coffee table.","photorealistic renovated interior, professional real estate photography, high detail","photorealistic renovated interior, professional real estate photography, high detail, slate blue walls, white herringbone fireplace tile, dark wood accent cabinet, dark hardwood flooring, warm wall sconces, transitional",train
/home/jupyter/dataset_lora/after/living_room__98625ec09d7ad72f86_v0.jpg,98625ec09d7ad72f86,v0,living room,"slate blue walls, white herringbone fireplace tile, dark wood accent cabinet, dark hardwood flooring, warm wall sconces, transitional",Traditional,Rustic,high,"Ornate white mantel, damask patterned armchairs, crown molding, and a heavy slatted rustic wood coffee table.","photorealistic renovated interior, professional real estate photography, high detail","photorealistic renovated interior, professional real estate photography, high detail, slate blue walls, white herringbone fireplace tile, dark wood accent cabinet, dark hardwood flooring, warm wall sconces, transitional",train
/home/jupyter/dataset_lora/after/living_room__98625ec09d7ad72f86_v1.jpg,98625ec09d7ad72f86,v1,living room,"slate blue walls, white herringbone fireplace tile, dark wood accent cabinet, dark hardwood flooring, warm wall sconces, transitional",Traditional,Rustic,high,"Ornate white mantel, damask patterned armchairs, crown molding, and a heavy slatted rustic wood coffee table.","photorealistic renovated interior, professional real estate photography, high detail","photorealistic renovated interior, professional real estate photography, high detail, slate blue walls, white herringbone fireplace tile, dark wood accent cabinet, dark hardwood flooring, warm wall sconces, transitional",train
/home/jupyter/dataset_lora/after/living_room__98625ec09d7ad72f86_v2.jpg,98625ec09d7ad72f86,v2,living room,"slate blue walls, white herringbone fireplace tile, dark wood accent cabinet, dark hardwood flooring, warm wall sconces, transitional",Traditional,Rustic,high,"Ornate white mantel, damask patterned armchairs, crown molding, and a heavy slatted rustic wood coffee table.","photorealistic renovated interior, professional real estate photography, high detail","photorealistic renovated interior, professional real estate photography, high detail, slate blue walls, white herringbone fireplace tile, dark wood accent cabinet, dark hardwood flooring, warm wall sconces, transitional",train
/home/jupyter/dataset_lora/after/living_room__98625ec09d7ad72f86_v3.jpg,98625ec09d7ad72f86,v3,living room,"slate blue walls, white herringbone fireplace tile, dark wood accent cabinet, dark hardwood flooring, warm wall sconces, transitional",Traditional,Rustic,high,"Ornate white mantel, damask patterned armchairs, crown molding, and a heavy slatted rustic wood coffee table.","photorealistic renovated interior, professional real estate photography, high detail","photorealistic renovated interior, professional real estate photography, high detail, slate blue walls, white herringbone fireplace tile, dark wood accent cabinet, dark hardwood flooring, warm wall sconces, transitional",train
/home/jupyter/dataset_lora/after/living_room__98625ec09d7ad72f86_v4.jpg,98625ec09d7ad72f86,v4,living room,"slate blue walls, white herringbone fireplace tile, dark wood accent cabinet, dark hardwood flooring, warm wall sconces, transitional",Traditional,Rustic,high,"Ornate white mantel, damask patterned armchairs, crown molding, and a heavy slatted rustic wood coffee table.","photorealistic renovated interior, professional real estate photography, high detail","photorealistic renovated interior, professional real estate photography, high detail, slate blue walls, white herringbone fireplace tile, dark wood accent cabinet, dark hardwood flooring, warm wall sconces, transitional",train
/home/jupyter/dataset_lora/after/living_room__a1db06faf47a6ae935_orig.jpg,a1db06faf47a6ae935,orig,living room,"mint green and white walls, pink patterned rug, mint green and patterned seating, warm ceiling fan light, eclectic cottage",Bohemian,Farmhouse,medium,"Beadboard walls, exposed green beams, mixed patterns on rug and armchairs, floral curtains, and flower-filled glass coffee table.","photorealistic renovated interior, professional real estate photography, high detail","photorealistic renovated interior, professional real estate photography, high detail, mint green and white walls, pink patterned rug, mint green and patterned seating, warm ceiling fan light, eclectic cottage",train
/home/jupyter/dataset_lora/after/living_room__a1db06faf47a6ae935_v0.jpg,a1db06faf47a6ae935,v0,living room,"mint green and white walls, pink patterned rug, mint green and patterned seating, warm ceiling fan light, eclectic cottage",Bohemian,Farmhouse,medium,"Beadboard walls, exposed green beams, mixed patterns on rug and armchairs, floral curtains, and flower-filled glass coffee table.","photorealistic renovated interior, professional real estate photography, high detail","photorealistic renovated interior, professional real estate photography, high detail, mint green and white walls, pink patterned rug, mint green and patterned seating, warm ceiling fan light, eclectic cottage",train
/home/jupyter/dataset_lora/after/living_room__a1db06faf47a6ae935_v1.jpg,a1db06faf47a6ae935,v1,living room,"mint green and white walls, pink patterned rug, mint green and patterned seating, warm ceiling fan light, eclectic cottage",Bohemian,Farmhouse,medium,"Beadboard walls, exposed green beams, mixed patterns on rug and armchairs, floral curtains, and flower-filled glass coffee table.","photorealistic renovated interior, professional real estate photography, high detail","photorealistic renovated interior, professional real estate photography, high detail, mint green and white walls, pink patterned rug, mint green and patterned seating, warm ceiling fan light, eclectic cottage",train
/home/jupyter/dataset_lora/after/living_room__a1db06faf47a6ae935_v2.jpg,a1db06faf47a6ae935,v2,living room,"mint green and white walls, pink patterned rug, mint green and patterned seating, warm ceiling fan light, eclectic cottage",Bohemian,Farmhouse,medium,"Beadboard walls, exposed green beams, mixed patterns on rug and armchairs, floral curtains, and flower-filled glass coffee table.","photorealistic renovated interior, professional real estate photography, high detail","photorealistic renovated interior, professional real estate photography, high detail, mint green and white walls, pink patterned rug, mint green and patterned seating, warm ceiling fan light, eclectic cottage",train
/home/jupyter/dataset_lora/after/living_room__a1db06faf47a6ae935_v3.jpg,a1db06faf47a6ae935,v3,living room,"mint green and white walls, pink patterned rug, mint green and patterned seating, warm ceiling fan light, eclectic cottage",Bohemian,Farmhouse,medium,"Beadboard walls, exposed green beams, mixed patterns on rug and armchairs, floral curtains, and flower-filled glass coffee table.","photorealistic renovated interior, professional real estate photography, high detail","photorealistic renovated interior, professional real estate photography, high detail, mint green and white walls, pink patterned rug, mint green and patterned seating, warm ceiling fan light, eclectic cottage",train
/home/jupyter/dataset_lora/after/living_room__a1db06faf47a6ae935_v4.jpg,a1db06faf47a6ae935,v4,living room,"mint green and white walls, pink patterned rug, mint green and patterned seating, warm ceiling fan light, eclectic cottage",Bohemian,Farmhouse,medium,"Beadboard walls, exposed green beams, mixed patterns on rug and armchairs, floral curtains, and flower-filled glass coffee table.","photorealistic renovated interior, professional real estate photography, high detail","photorealistic renovated interior, professional real estate photography, high detail, mint green and white walls, pink patterned rug, mint green and patterned seating, warm ceiling fan light, eclectic cottage",train
/home/jupyter/dataset_lora/after/living_room__a4a63f64707847ad85_orig.jpg,a4a63f64707847ad85,orig,living room,"off-white walls with teal and pink accents, colorful striped geometric carpet, recessed ceiling lights, playful contemporary",Contemporary,Traditional,medium,"Bold geometric striped carpet, neutral sectional, teal armchair with nailhead trim, white tufted ottoman, and bright accent pillows.","photorealistic renovated interior, professional real estate photography, high detail","photorealistic renovated interior, professional real estate photography, high detail, off-white walls with teal and pink accents, colorful striped geometric carpet, recessed ceiling lights, playful contemporary",train
/home/jupyter/dataset_lora/after/living_room__a4a63f64707847ad85_v0.jpg,a4a63f64707847ad85,v0,living room,"off-white walls with teal and pink accents, colorful striped geometric carpet, recessed ceiling lights, playful contemporary",Contemporary,Traditional,medium,"Bold geometric striped carpet, neutral sectional, teal armchair with nailhead trim, white tufted ottoman, and bright accent pillows.","photorealistic renovated interior, professional real estate photography, high detail","photorealistic renovated interior, professional real estate photography, high detail, off-white walls with teal and pink accents, colorful striped geometric carpet, recessed ceiling lights, playful contemporary",train
/home/jupyter/dataset_lora/after/living_room__a4a63f64707847ad85_v1.jpg,a4a63f64707847ad85,v1,living room,"off-white walls with teal and pink accents, colorful striped geometric carpet, recessed ceiling lights, playful contemporary",Contemporary,Traditional,medium,"Bold geometric striped carpet, neutral sectional, teal armchair with nailhead trim, white tufted ottoman, and bright accent pillows.","photorealistic renovated interior, professional real estate photography, high detail","photorealistic renovated interior, professional real estate photography, high detail, off-white walls with teal and pink accents, colorful striped geometric carpet, recessed ceiling lights, playful contemporary",train
/home/jupyter/dataset_lora/after/living_room__a4a63f64707847ad85_v2.jpg,a4a63f64707847ad85,v2,living room,"off-white walls with teal and pink accents, colorful striped geometric carpet, recessed ceiling lights, playful contemporary",Contemporary,Traditional,medium,"Bold geometric striped carpet, neutral sectional, teal armchair with nailhead trim, white tufted ottoman, and bright accent pillows.","photorealistic renovated interior, professional real estate photography, high detail","photorealistic renovated interior, professional real estate photography, high detail, off-white walls with teal and pink accents, colorful striped geometric carpet, recessed ceiling lights, playful contemporary",train
/home/jupyter/dataset_lora/after/living_room__a4a63f64707847ad85_v3.jpg,a4a63f64707847ad85,v3,living room,"off-white walls with teal and pink accents, colorful striped geometric carpet, recessed ceiling lights, playful contemporary",Contemporary,Traditional,medium,"Bold geometric striped carpet, neutral sectional, teal armchair with nailhead trim, white tufted ottoman, and bright accent pillows.","photorealistic renovated interior, professional real estate photography, high detail","photorealistic renovated interior, professional real estate photography, high detail, off-white walls with teal and pink accents, colorful striped geometric carpet, recessed ceiling lights, playful contemporary",train
/home/jupyter/dataset_lora/after/living_room__a4a63f64707847ad85_v4.jpg,a4a63f64707847ad85,v4,living room,"off-white walls with teal and pink accents, colorful striped geometric carpet, recessed ceiling lights, playful contemporary",Contemporary,Traditional,medium,"Bold geometric striped carpet, neutral sectional, teal armchair with nailhead trim, white tufted ottoman, and bright accent pillows.","photorealistic renovated interior, professional real estate photography, high detail","photorealistic renovated interior, professional real estate photography, high detail, off-white walls with teal and pink accents, colorful striped geometric carpet, recessed ceiling lights, playful contemporary",train
/home/jupyter/dataset_lora/after/living_room__b2d63126c83a53ff2c_orig.jpg,b2d63126c83a53ff2c,orig,living room,"slate blue walls, cream drapery, coral accents, dark wood flooring, zebra-print rug, rectangular table lamp, transitional",Contemporary,Traditional,medium,"Nailhead trim armchairs, zebra print rug, slate blue walls, black-framed sliding doors, gold side table, and coral accent pillows.","photorealistic renovated interior, professional real estate photography, high detail","photorealistic renovated interior, professional real estate photography, high detail, slate blue walls, cream drapery, coral accents, dark wood flooring, zebra-print rug, rectangular table lamp, transitional",train
/home/jupyter/dataset_lora/after/living_room__b2d63126c83a53ff2c_v0.jpg,b2d63126c83a53ff2c,v0,living room,"slate blue walls, cream drapery, coral accents, dark wood flooring, zebra-print rug, rectangular table lamp, transitional",Contemporary,Traditional,medium,"Nailhead trim armchairs, zebra print rug, slate blue walls, black-framed sliding doors, gold side table, and coral accent pillows.","photorealistic renovated interior, professional real estate photography, high detail","photorealistic renovated interior, professional real estate photography, high detail, slate blue walls, cream drapery, coral accents, dark wood flooring, zebra-print rug, rectangular table lamp, transitional",train
/home/jupyter/dataset_lora/after/living_room__b2d63126c83a53ff2c_v1.jpg,b2d63126c83a53ff2c,v1,living room,"slate blue walls, cream drapery, coral accents, dark wood flooring, zebra-print rug, rectangular table lamp, transitional",Contemporary,Traditional,medium,"Nailhead trim armchairs, zebra print rug, slate blue walls, black-framed sliding doors, gold side table, and coral accent pillows.","photorealistic renovated interior, professional real estate photography, high detail","photorealistic renovated interior, professional real estate photography, high detail, slate blue walls, cream drapery, coral accents, dark wood flooring, zebra-print rug, rectangular table lamp, transitional",train
/home/jupyter/dataset_lora/after/living_room__b2d63126c83a53ff2c_v2.jpg,b2d63126c83a53ff2c,v2,living room,"slate blue walls, cream drapery, coral accents, dark wood flooring, zebra-print rug, rectangular table lamp, transitional",Contemporary,Traditional,medium,"Nailhead trim armchairs, zebra print rug, slate blue walls, black-framed sliding doors, gold side table, and coral accent pillows.","photorealistic renovated interior, professional real estate photography, high detail","photorealistic renovated interior, professional real estate photography, high detail, slate blue walls, cream drapery, coral accents, dark wood flooring, zebra-print rug, rectangular table lamp, transitional",train
/home/jupyter/dataset_lora/after/living_room__b2d63126c83a53ff2c_v3.jpg,b2d63126c83a53ff2c,v3,living room,"slate blue walls, cream drapery, coral accents, dark wood flooring, zebra-print rug, rectangular table lamp, transitional",Contemporary,Traditional,medium,"Nailhead trim armchairs, zebra print rug, slate blue walls, black-framed sliding doors, gold side table, and coral accent pillows.","photorealistic renovated interior, professional real estate photography, high detail","photorealistic renovated interior, professional real estate photography, high detail, slate blue walls, cream drapery, coral accents, dark wood flooring, zebra-print rug, rectangular table lamp, transitional",train
/home/jupyter/dataset_lora/after/living_room__b2d63126c83a53ff2c_v4.jpg,b2d63126c83a53ff2c,v4,living room,"slate blue walls, cream drapery, coral accents, dark wood flooring, zebra-print rug, rectangular table lamp, transitional",Contemporary,Traditional,medium,"Nailhead trim armchairs, zebra print rug, slate blue walls, black-framed sliding doors, gold side table, and coral accent pillows.","photorealistic renovated interior, professional real estate photography, high detail","photorealistic renovated interior, professional real estate photography, high detail, slate blue walls, cream drapery, coral accents, dark wood flooring, zebra-print rug, rectangular table lamp, transitional",train
/home/jupyter/dataset_lora/after/living_room__b56df95a46101226ba_orig.jpg,b56df95a46101226ba,orig,living room,"pale blue striped walls, orange and patterned accents, beige carpeting, warm table lamps, eclectic contemporary",Contemporary,Mid-Century Modern,medium,"Vibrant orange coffee table and lamps, clean-lined white sofa, geometric black-and-white curtains, and striped blue walls.","photorealistic renovated interior, professional real estate photography, high detail","photorealistic renovated interior, professional real estate photography, high detail, pale blue striped walls, orange and patterned accents, beige carpeting, warm table lamps, eclectic contemporary",train
/home/jupyter/dataset_lora/after/living_room__b56df95a46101226ba_v0.jpg,b56df95a46101226ba,v0,living room,"pale blue striped walls, orange and patterned accents, beige carpeting, warm table lamps, eclectic contemporary",Contemporary,Mid-Century Modern,medium,"Vibrant orange coffee table and lamps, clean-lined white sofa, geometric black-and-white curtains, and striped blue walls.","photorealistic renovated interior, professional real estate photography, high detail","photorealistic renovated interior, professional real estate photography, high detail, pale blue striped walls, orange and patterned accents, beige carpeting, warm table lamps, eclectic contemporary",train
/home/jupyter/dataset_lora/after/living_room__b56df95a46101226ba_v1.jpg,b56df95a46101226ba,v1,living room,"pale blue striped walls, orange and patterned accents, beige carpeting, warm table lamps, eclectic contemporary",Contemporary,Mid-Century Modern,medium,"Vibrant orange coffee table and lamps, clean-lined white sofa, geometric black-and-white curtains, and striped blue walls.","photorealistic renovated interior, professional real estate photography, high detail","photorealistic renovated interior, professional real estate photography, high detail, pale blue striped walls, orange and patterned accents, beige carpeting, warm table lamps, eclectic contemporary",train
/home/jupyter/dataset_lora/after/living_room__b56df95a46101226ba_v2.jpg,b56df95a46101226ba,v2,living room,"pale blue striped walls, orange and patterned accents, beige carpeting, warm table lamps, eclectic contemporary",Contemporary,Mid-Century Modern,medium,"Vibrant orange coffee table and lamps, clean-lined white sofa, geometric black-and-white curtains, and striped blue walls.","photorealistic renovated interior, professional real estate photography, high detail","photorealistic renovated interior, professional real estate photography, high detail, pale blue striped walls, orange and patterned accents, beige carpeting, warm table lamps, eclectic contemporary",train
/home/jupyter/dataset_lora/after/living_room__b56df95a46101226ba_v3.jpg,b56df95a46101226ba,v3,living room,"pale blue striped walls, orange and patterned accents, beige carpeting, warm table lamps, eclectic contemporary",Contemporary,Mid-Century Modern,medium,"Vibrant orange coffee table and lamps, clean-lined white sofa, geometric black-and-white curtains, and striped blue walls.","photorealistic renovated interior, professional real estate photography, high detail","photorealistic renovated interior, professional real estate photography, high detail, pale blue striped walls, orange and patterned accents, beige carpeting, warm table lamps, eclectic contemporary",train
/home/jupyter/dataset_lora/after/living_room__b56df95a46101226ba_v4.jpg,b56df95a46101226ba,v4,living room,"pale blue striped walls, orange and patterned accents, beige carpeting, warm table lamps, eclectic contemporary",Contemporary,Mid-Century Modern,medium,"Vibrant orange coffee table and lamps, clean-lined white sofa, geometric black-and-white curtains, and striped blue walls.","photorealistic renovated interior, professional real estate photography, high detail","photorealistic renovated interior, professional real estate photography, high detail, pale blue striped walls, orange and patterned accents, beige carpeting, warm table lamps, eclectic contemporary",train
/home/jupyter/dataset_lora/after/living_room__bc20d1fd1f2cc4f3dc_orig.jpg,bc20d1fd1f2cc4f3dc,orig,living room,"soft beige walls, white built-in cabinets with glass shelving, warm wood flooring, recessed niche lighting, transitional",Traditional,Farmhouse,high,"Symmetrical built-ins, classic white fireplace mantel, dark leather club chairs, neutral palette, decorative wreath, and dried wheat accents.","photorealistic renovated interior, professional real estate photography, high detail","photorealistic renovated interior, professional real estate photography, high detail, soft beige walls, white built-in cabinets with glass shelving, warm wood flooring, recessed niche lighting, transitional",train
/home/jupyter/dataset_lora/after/living_room__bc20d1fd1f2cc4f3dc_v0.jpg,bc20d1fd1f2cc4f3dc,v0,living room,"soft beige walls, white built-in cabinets with glass shelving, warm wood flooring, recessed niche lighting, transitional",Traditional,Farmhouse,high,"Symmetrical built-ins, classic white fireplace mantel, dark leather club chairs, neutral palette, decorative wreath, and dried wheat accents.","photorealistic renovated interior, professional real estate photography, high detail","photorealistic renovated interior, professional real estate photography, high detail, soft beige walls, white built-in cabinets with glass shelving, warm wood flooring, recessed niche lighting, transitional",train
/home/jupyter/dataset_lora/after/living_room__bc20d1fd1f2cc4f3dc_v1.jpg,bc20d1fd1f2cc4f3dc,v1,living room,"soft beige walls, white built-in cabinets with glass shelving, warm wood flooring, recessed niche lighting, transitional",Traditional,Farmhouse,high,"Symmetrical built-ins, classic white fireplace mantel, dark leather club chairs, neutral palette, decorative wreath, and dried wheat accents.","photorealistic renovated interior, professional real estate photography, high detail","photorealistic renovated interior, professional real estate photography, high detail, soft beige walls, white built-in cabinets with glass shelving, warm wood flooring, recessed niche lighting, transitional",train
/home/jupyter/dataset_lora/after/living_room__bc20d1fd1f2cc4f3dc_v2.jpg,bc20d1fd1f2cc4f3dc,v2,living room,"soft beige walls, white built-in cabinets with glass shelving, warm wood flooring, recessed niche lighting, transitional",Traditional,Farmhouse,high,"Symmetrical built-ins, classic white fireplace mantel, dark leather club chairs, neutral palette, decorative wreath, and dried wheat accents.","photorealistic renovated interior, professional real estate photography, high detail","photorealistic renovated interior, professional real estate photography, high detail, soft beige walls, white built-in cabinets with glass shelving, warm wood flooring, recessed niche lighting, transitional",train
/home/jupyter/dataset_lora/after/living_room__bc20d1fd1f2cc4f3dc_v3.jpg,bc20d1fd1f2cc4f3dc,v3,living room,"soft beige walls, white built-in cabinets with glass shelving, warm wood flooring, recessed niche lighting, transitional",Traditional,Farmhouse,high,"Symmetrical built-ins, classic white fireplace mantel, dark leather club chairs, neutral palette, decorative wreath, and dried wheat accents.","photorealistic renovated interior, professional real estate photography, high detail","photorealistic renovated interior, professional real estate photography, high detail, soft beige walls, white built-in cabinets with glass shelving, warm wood flooring, recessed niche lighting, transitional",train
/home/jupyter/dataset_lora/after/living_room__bc20d1fd1f2cc4f3dc_v4.jpg,bc20d1fd1f2cc4f3dc,v4,living room,"soft beige walls, white built-in cabinets with glass shelving, warm wood flooring, recessed niche lighting, transitional",Traditional,Farmhouse,high,"Symmetrical built-ins, classic white fireplace mantel, dark leather club chairs, neutral palette, decorative wreath, and dried wheat accents.","photorealistic renovated interior, professional real estate photography, high detail","photorealistic renovated interior, professional real estate photography, high detail, soft beige walls, white built-in cabinets with glass shelving, warm wood flooring, recessed niche lighting, transitional",train
/home/jupyter/dataset_lora/after/living_room__bd366bf8e2095f7a91_orig.jpg,bd366bf8e2095f7a91,orig,living room,"sage green and soft blue walls, warm hardwood flooring, patterned area rug, contemporary table lamp, eclectic transitional",Traditional,Farmhouse,high,"Tufted velvet sofa, traditional patterned rug, exposed ceiling beams, rustic wooden coffee table, and woven storage baskets.","photorealistic renovated interior, professional real estate photography, high detail","photorealistic renovated interior, professional real estate photography, high detail, sage green and soft blue walls, warm hardwood flooring, patterned area rug, contemporary table lamp, eclectic transitional",train
/home/jupyter/dataset_lora/after/living_room__bd366bf8e2095f7a91_v0.jpg,bd366bf8e2095f7a91,v0,living room,"sage green and soft blue walls, warm hardwood flooring, patterned area rug, contemporary table lamp, eclectic transitional",Traditional,Farmhouse,high,"Tufted velvet sofa, traditional patterned rug, exposed ceiling beams, rustic wooden coffee table, and woven storage baskets.","photorealistic renovated interior, professional real estate photography, high detail","photorealistic renovated interior, professional real estate photography, high detail, sage green and soft blue walls, warm hardwood flooring, patterned area rug, contemporary table lamp, eclectic transitional",train
/home/jupyter/dataset_lora/after/living_room__bd366bf8e2095f7a91_v1.jpg,bd366bf8e2095f7a91,v1,living room,"sage green and soft blue walls, warm hardwood flooring, patterned area rug, contemporary table lamp, eclectic transitional",Traditional,Farmhouse,high,"Tufted velvet sofa, traditional patterned rug, exposed ceiling beams, rustic wooden coffee table, and woven storage baskets.","photorealistic renovated interior, professional real estate photography, high detail","photorealistic renovated interior, professional real estate photography, high detail, sage green and soft blue walls, warm hardwood flooring, patterned area rug, contemporary table lamp, eclectic transitional",train
/home/jupyter/dataset_lora/after/living_room__bd366bf8e2095f7a91_v2.jpg,bd366bf8e2095f7a91,v2,living room,"sage green and soft blue walls, warm hardwood flooring, patterned area rug, contemporary table lamp, eclectic transitional",Traditional,Farmhouse,high,"Tufted velvet sofa, traditional patterned rug, exposed ceiling beams, rustic wooden coffee table, and woven storage baskets.","photorealistic renovated interior, professional real estate photography, high detail","photorealistic renovated interior, professional real estate photography, high detail, sage green and soft blue walls, warm hardwood flooring, patterned area rug, contemporary table lamp, eclectic transitional",train
/home/jupyter/dataset_lora/after/living_room__bd366bf8e2095f7a91_v3.jpg,bd366bf8e2095f7a91,v3,living room,"sage green and soft blue walls, warm hardwood flooring, patterned area rug, contemporary table lamp, eclectic transitional",Traditional,Farmhouse,high,"Tufted velvet sofa, traditional patterned rug, exposed ceiling beams, rustic wooden coffee table, and woven storage baskets.","photorealistic renovated interior, professional real estate photography, high detail","photorealistic renovated interior, professional real estate photography, high detail, sage green and soft blue walls, warm hardwood flooring, patterned area rug, contemporary table lamp, eclectic transitional",train
/home/jupyter/dataset_lora/after/living_room__bd366bf8e2095f7a91_v4.jpg,bd366bf8e2095f7a91,v4,living room,"sage green and soft blue walls, warm hardwood flooring, patterned area rug, contemporary table lamp, eclectic transitional",Traditional,Farmhouse,high,"Tufted velvet sofa, traditional patterned rug, exposed ceiling beams, rustic wooden coffee table, and woven storage baskets.","photorealistic renovated interior, professional real estate photography, high detail","photorealistic renovated interior, professional real estate photography, high detail, sage green and soft blue walls, warm hardwood flooring, patterned area rug, contemporary table lamp, eclectic transitional",train
/home/jupyter/dataset_lora/after/living_room__c30986b820fa996e2d_orig.jpg,c30986b820fa996e2d,orig,living room,"bright white walls, white low-profile media console, dark wood flooring, brass accent lighting, eclectic modern",Contemporary,Mid-Century Modern,high,"Clean-lined teal sofa, mid-century leather armchairs, white shiplap fireplace, gold hardware, and a colorful patterned area rug.","photorealistic renovated interior, professional real estate photography, high detail","photorealistic renovated interior, professional real estate photography, high detail, bright white walls, white low-profile media console, dark wood flooring, brass accent lighting, eclectic modern",train
/home/jupyter/dataset_lora/after/living_room__c30986b820fa996e2d_v0.jpg,c30986b820fa996e2d,v0,living room,"bright white walls, white low-profile media console, dark wood flooring, brass accent lighting, eclectic modern",Contemporary,Mid-Century Modern,high,"Clean-lined teal sofa, mid-century leather armchairs, white shiplap fireplace, gold hardware, and a colorful patterned area rug.","photorealistic renovated interior, professional real estate photography, high detail","photorealistic renovated interior, professional real estate photography, high detail, bright white walls, white low-profile media console, dark wood flooring, brass accent lighting, eclectic modern",train
/home/jupyter/dataset_lora/after/living_room__c30986b820fa996e2d_v1.jpg,c30986b820fa996e2d,v1,living room,"bright white walls, white low-profile media console, dark wood flooring, brass accent lighting, eclectic modern",Contemporary,Mid-Century Modern,high,"Clean-lined teal sofa, mid-century leather armchairs, white shiplap fireplace, gold hardware, and a colorful patterned area rug.","photorealistic renovated interior, professional real estate photography, high detail","photorealistic renovated interior, professional real estate photography, high detail, bright white walls, white low-profile media console, dark wood flooring, brass accent lighting, eclectic modern",train
/home/jupyter/dataset_lora/after/living_room__c30986b820fa996e2d_v2.jpg,c30986b820fa996e2d,v2,living room,"bright white walls, white low-profile media console, dark wood flooring, brass accent lighting, eclectic modern",Contemporary,Mid-Century Modern,high,"Clean-lined teal sofa, mid-century leather armchairs, white shiplap fireplace, gold hardware, and a colorful patterned area rug.","photorealistic renovated interior, professional real estate photography, high detail","photorealistic renovated interior, professional real estate photography, high detail, bright white walls, white low-profile media console, dark wood flooring, brass accent lighting, eclectic modern",train
/home/jupyter/dataset_lora/after/living_room__c30986b820fa996e2d_v3.jpg,c30986b820fa996e2d,v3,living room,"bright white walls, white low-profile media console, dark wood flooring, brass accent lighting, eclectic modern",Contemporary,Mid-Century Modern,high,"Clean-lined teal sofa, mid-century leather armchairs, white shiplap fireplace, gold hardware, and a colorful patterned area rug.","photorealistic renovated interior, professional real estate photography, high detail","photorealistic renovated interior, professional real estate photography, high detail, bright white walls, white low-profile media console, dark wood flooring, brass accent lighting, eclectic modern",train
/home/jupyter/dataset_lora/after/living_room__c30986b820fa996e2d_v4.jpg,c30986b820fa996e2d,v4,living room,"bright white walls, white low-profile media console, dark wood flooring, brass accent lighting, eclectic modern",Contemporary,Mid-Century Modern,high,"Clean-lined teal sofa, mid-century leather armchairs, white shiplap fireplace, gold hardware, and a colorful patterned area rug.","photorealistic renovated interior, professional real estate photography, high detail","photorealistic renovated interior, professional real estate photography, high detail, bright white walls, white low-profile media console, dark wood flooring, brass accent lighting, eclectic modern",train
/home/jupyter/dataset_lora/after/living_room__c96ee1d792433f442d_orig.jpg,c96ee1d792433f442d,orig,living room,"cool gray walls, white stacked stone fireplace, dark wood flooring, patterned textiles, gold accents, transitional glam",Contemporary,Glam,high,"Gray walls, geometric gold console table, tufted leather ottoman, metallic patterned pillows, and a stacked stone fireplace.","photorealistic renovated interior, professional real estate photography, high detail","photorealistic renovated interior, professional real estate photography, high detail, cool gray walls, white stacked stone fireplace, dark wood flooring, patterned textiles, gold accents, transitional glam",train
/home/jupyter/dataset_lora/after/living_room__c96ee1d792433f442d_v0.jpg,c96ee1d792433f442d,v0,living room,"cool gray walls, white stacked stone fireplace, dark wood flooring, patterned textiles, gold accents, transitional glam",Contemporary,Glam,high,"Gray walls, geometric gold console table, tufted leather ottoman, metallic patterned pillows, and a stacked stone fireplace.","photorealistic renovated interior, professional real estate photography, high detail","photorealistic renovated interior, professional real estate photography, high detail, cool gray walls, white stacked stone fireplace, dark wood flooring, patterned textiles, gold accents, transitional glam",train
/home/jupyter/dataset_lora/after/living_room__c96ee1d792433f442d_v1.jpg,c96ee1d792433f442d,v1,living room,"cool gray walls, white stacked stone fireplace, dark wood flooring, patterned textiles, gold accents, transitional glam",Contemporary,Glam,high,"Gray walls, geometric gold console table, tufted leather ottoman, metallic patterned pillows, and a stacked stone fireplace.","photorealistic renovated interior, professional real estate photography, high detail","photorealistic renovated interior, professional real estate photography, high detail, cool gray walls, white stacked stone fireplace, dark wood flooring, patterned textiles, gold accents, transitional glam",train
/home/jupyter/dataset_lora/after/living_room__c96ee1d792433f442d_v2.jpg,c96ee1d792433f442d,v2,living room,"cool gray walls, white stacked stone fireplace, dark wood flooring, patterned textiles, gold accents, transitional glam",Contemporary,Glam,high,"Gray walls, geometric gold console table, tufted leather ottoman, metallic patterned pillows, and a stacked stone fireplace.","photorealistic renovated interior, professional real estate photography, high detail","photorealistic renovated interior, professional real estate photography, high detail, cool gray walls, white stacked stone fireplace, dark wood flooring, patterned textiles, gold accents, transitional glam",train
/home/jupyter/dataset_lora/after/living_room__c96ee1d792433f442d_v3.jpg,c96ee1d792433f442d,v3,living room,"cool gray walls, white stacked stone fireplace, dark wood flooring, patterned textiles, gold accents, transitional glam",Contemporary,Glam,high,"Gray walls, geometric gold console table, tufted leather ottoman, metallic patterned pillows, and a stacked stone fireplace.","photorealistic renovated interior, professional real estate photography, high detail","photorealistic renovated interior, professional real estate photography, high detail, cool gray walls, white stacked stone fireplace, dark wood flooring, patterned textiles, gold accents, transitional glam",train
/home/jupyter/dataset_lora/after/living_room__c96ee1d792433f442d_v4.jpg,c96ee1d792433f442d,v4,living room,"cool gray walls, white stacked stone fireplace, dark wood flooring, patterned textiles, gold accents, transitional glam",Contemporary,Glam,high,"Gray walls, geometric gold console table, tufted leather ottoman, metallic patterned pillows, and a stacked stone fireplace.","photorealistic renovated interior, professional real estate photography, high detail","photorealistic renovated interior, professional real estate photography, high detail, cool gray walls, white stacked stone fireplace, dark wood flooring, patterned textiles, gold accents, transitional glam",train
/home/jupyter/dataset_lora/after/living_room__d0d80a340a4d7e5dd1_orig.jpg,d0d80a340a4d7e5dd1,orig,living room,"soft gray walls, marble fireplace surround, dark herringbone wood flooring, recessed lighting and brass sconces, modern transitional",Contemporary,Glam,high,"Velvet upholstery, gold-finished metal frames, sculptural table lamps, herringbone wood floors, and a marble fireplace.","photorealistic renovated interior, professional real estate photography, high detail","photorealistic renovated interior, professional real estate photography, high detail, soft gray walls, marble fireplace surround, dark herringbone wood flooring, recessed lighting and brass sconces, modern transitional",train
/home/jupyter/dataset_lora/after/living_room__d0d80a340a4d7e5dd1_v0.jpg,d0d80a340a4d7e5dd1,v0,living room,"soft gray walls, marble fireplace surround, dark herringbone wood flooring, recessed lighting and brass sconces, modern transitional",Contemporary,Glam,high,"Velvet upholstery, gold-finished metal frames, sculptural table lamps, herringbone wood floors, and a marble fireplace.","photorealistic renovated interior, professional real estate photography, high detail","photorealistic renovated interior, professional real estate photography, high detail, soft gray walls, marble fireplace surround, dark herringbone wood flooring, recessed lighting and brass sconces, modern transitional",train
/home/jupyter/dataset_lora/after/living_room__d0d80a340a4d7e5dd1_v1.jpg,d0d80a340a4d7e5dd1,v1,living room,"soft gray walls, marble fireplace surround, dark herringbone wood flooring, recessed lighting and brass sconces, modern transitional",Contemporary,Glam,high,"Velvet upholstery, gold-finished metal frames, sculptural table lamps, herringbone wood floors, and a marble fireplace.","photorealistic renovated interior, professional real estate photography, high detail","photorealistic renovated interior, professional real estate photography, high detail, soft gray walls, marble fireplace surround, dark herringbone wood flooring, recessed lighting and brass sconces, modern transitional",train
/home/jupyter/dataset_lora/after/living_room__d0d80a340a4d7e5dd1_v2.jpg,d0d80a340a4d7e5dd1,v2,living room,"soft gray walls, marble fireplace surround, dark herringbone wood flooring, recessed lighting and brass sconces, modern transitional",Contemporary,Glam,high,"Velvet upholstery, gold-finished metal frames, sculptural table lamps, herringbone wood floors, and a marble fireplace.","photorealistic renovated interior, professional real estate photography, high detail","photorealistic renovated interior, professional real estate photography, high detail, soft gray walls, marble fireplace surround, dark herringbone wood flooring, recessed lighting and brass sconces, modern transitional",train
/home/jupyter/dataset_lora/after/living_room__d0d80a340a4d7e5dd1_v3.jpg,d0d80a340a4d7e5dd1,v3,living room,"soft gray walls, marble fireplace surround, dark herringbone wood flooring, recessed lighting and brass sconces, modern transitional",Contemporary,Glam,high,"Velvet upholstery, gold-finished metal frames, sculptural table lamps, herringbone wood floors, and a marble fireplace.","photorealistic renovated interior, professional real estate photography, high detail","photorealistic renovated interior, professional real estate photography, high detail, soft gray walls, marble fireplace surround, dark herringbone wood flooring, recessed lighting and brass sconces, modern transitional",train
/home/jupyter/dataset_lora/after/living_room__d0d80a340a4d7e5dd1_v4.jpg,d0d80a340a4d7e5dd1,v4,living room,"soft gray walls, marble fireplace surround, dark herringbone wood flooring, recessed lighting and brass sconces, modern transitional",Contemporary,Glam,high,"Velvet upholstery, gold-finished metal frames, sculptural table lamps, herringbone wood floors, and a marble fireplace.","photorealistic renovated interior, professional real estate photography, high detail","photorealistic renovated interior, professional real estate photography, high detail, soft gray walls, marble fireplace surround, dark herringbone wood flooring, recessed lighting and brass sconces, modern transitional",train
/home/jupyter/dataset_lora/after/living_room__e060ff269e34881039_orig.jpg,e060ff269e34881039,orig,living room,"Neutral walls with chevron column, dark wood built-ins, travertine tile flooring, orb crystal chandelier, eclectic transitional",Contemporary,Traditional,high,"Travertine tile, dark wood built-ins, striped armchairs, a bold chevron fireplace column, and a large crystal orb chandelier.","photorealistic renovated interior, professional real estate photography, high detail","photorealistic renovated interior, professional real estate photography, high detail, Neutral walls with chevron column, dark wood built-ins, travertine tile flooring, orb crystal chandelier, eclectic transitional",train
/home/jupyter/dataset_lora/after/living_room__e060ff269e34881039_v0.jpg,e060ff269e34881039,v0,living room,"Neutral walls with chevron column, dark wood built-ins, travertine tile flooring, orb crystal chandelier, eclectic transitional",Contemporary,Traditional,high,"Travertine tile, dark wood built-ins, striped armchairs, a bold chevron fireplace column, and a large crystal orb chandelier.","photorealistic renovated interior, professional real estate photography, high detail","photorealistic renovated interior, professional real estate photography, high detail, Neutral walls with chevron column, dark wood built-ins, travertine tile flooring, orb crystal chandelier, eclectic transitional",train
/home/jupyter/dataset_lora/after/living_room__e060ff269e34881039_v1.jpg,e060ff269e34881039,v1,living room,"Neutral walls with chevron column, dark wood built-ins, travertine tile flooring, orb crystal chandelier, eclectic transitional",Contemporary,Traditional,high,"Travertine tile, dark wood built-ins, striped armchairs, a bold chevron fireplace column, and a large crystal orb chandelier.","photorealistic renovated interior, professional real estate photography, high detail","photorealistic renovated interior, professional real estate photography, high detail, Neutral walls with chevron column, dark wood built-ins, travertine tile flooring, orb crystal chandelier, eclectic transitional",train
/home/jupyter/dataset_lora/after/living_room__e060ff269e34881039_v2.jpg,e060ff269e34881039,v2,living room,"Neutral walls with chevron column, dark wood built-ins, travertine tile flooring, orb crystal chandelier, eclectic transitional",Contemporary,Traditional,high,"Travertine tile, dark wood built-ins, striped armchairs, a bold chevron fireplace column, and a large crystal orb chandelier.","photorealistic renovated interior, professional real estate photography, high detail","photorealistic renovated interior, professional real estate photography, high detail, Neutral walls with chevron column, dark wood built-ins, travertine tile flooring, orb crystal chandelier, eclectic transitional",train
/home/jupyter/dataset_lora/after/living_room__e060ff269e34881039_v3.jpg,e060ff269e34881039,v3,living room,"Neutral walls with chevron column, dark wood built-ins, travertine tile flooring, orb crystal chandelier, eclectic transitional",Contemporary,Traditional,high,"Travertine tile, dark wood built-ins, striped armchairs, a bold chevron fireplace column, and a large crystal orb chandelier.","photorealistic renovated interior, professional real estate photography, high detail","photorealistic renovated interior, professional real estate photography, high detail, Neutral walls with chevron column, dark wood built-ins, travertine tile flooring, orb crystal chandelier, eclectic transitional",train
/home/jupyter/dataset_lora/after/living_room__e060ff269e34881039_v4.jpg,e060ff269e34881039,v4,living room,"Neutral walls with chevron column, dark wood built-ins, travertine tile flooring, orb crystal chandelier, eclectic transitional",Contemporary,Traditional,high,"Travertine tile, dark wood built-ins, striped armchairs, a bold chevron fireplace column, and a large crystal orb chandelier.","photorealistic renovated interior, professional real estate photography, high detail","photorealistic renovated interior, professional real estate photography, high detail, Neutral walls with chevron column, dark wood built-ins, travertine tile flooring, orb crystal chandelier, eclectic transitional",train
/home/jupyter/dataset_lora/after/living_room__e21f1bafadc124b825_orig.jpg,e21f1bafadc124b825,orig,living room,"crisp white walls, black-framed windows, light oak flooring, textured cream rug, brass statement lighting, modern traditional",Contemporary,Traditional,high,"Curved white sofa, glass coffee table, striped armchairs with turned legs, black-framed windows, neutral palette, and arched doorways.","photorealistic renovated interior, professional real estate photography, high detail","photorealistic renovated interior, professional real estate photography, high detail, crisp white walls, black-framed windows, light oak flooring, textured cream rug, brass statement lighting, modern traditional",train
/home/jupyter/dataset_lora/after/living_room__e21f1bafadc124b825_v0.jpg,e21f1bafadc124b825,v0,living room,"crisp white walls, black-framed windows, light oak flooring, textured cream rug, brass statement lighting, modern traditional",Contemporary,Traditional,high,"Curved white sofa, glass coffee table, striped armchairs with turned legs, black-framed windows, neutral palette, and arched doorways.","photorealistic renovated interior, professional real estate photography, high detail","photorealistic renovated interior, professional real estate photography, high detail, crisp white walls, black-framed windows, light oak flooring, textured cream rug, brass statement lighting, modern traditional",train
/home/jupyter/dataset_lora/after/living_room__e21f1bafadc124b825_v1.jpg,e21f1bafadc124b825,v1,living room,"crisp white walls, black-framed windows, light oak flooring, textured cream rug, brass statement lighting, modern traditional",Contemporary,Traditional,high,"Curved white sofa, glass coffee table, striped armchairs with turned legs, black-framed windows, neutral palette, and arched doorways.","photorealistic renovated interior, professional real estate photography, high detail","photorealistic renovated interior, professional real estate photography, high detail, crisp white walls, black-framed windows, light oak flooring, textured cream rug, brass statement lighting, modern traditional",train
/home/jupyter/dataset_lora/after/living_room__e21f1bafadc124b825_v2.jpg,e21f1bafadc124b825,v2,living room,"crisp white walls, black-framed windows, light oak flooring, textured cream rug, brass statement lighting, modern traditional",Contemporary,Traditional,high,"Curved white sofa, glass coffee table, striped armchairs with turned legs, black-framed windows, neutral palette, and arched doorways.","photorealistic renovated interior, professional real estate photography, high detail","photorealistic renovated interior, professional real estate photography, high detail, crisp white walls, black-framed windows, light oak flooring, textured cream rug, brass statement lighting, modern traditional",train
/home/jupyter/dataset_lora/after/living_room__e21f1bafadc124b825_v3.jpg,e21f1bafadc124b825,v3,living room,"crisp white walls, black-framed windows, light oak flooring, textured cream rug, brass statement lighting, modern traditional",Contemporary,Traditional,high,"Curved white sofa, glass coffee table, striped armchairs with turned legs, black-framed windows, neutral palette, and arched doorways.","photorealistic renovated interior, professional real estate photography, high detail","photorealistic renovated interior, professional real estate photography, high detail, crisp white walls, black-framed windows, light oak flooring, textured cream rug, brass statement lighting, modern traditional",train
/home/jupyter/dataset_lora/after/living_room__e21f1bafadc124b825_v4.jpg,e21f1bafadc124b825,v4,living room,"crisp white walls, black-framed windows, light oak flooring, textured cream rug, brass statement lighting, modern traditional",Contemporary,Traditional,high,"Curved white sofa, glass coffee table, striped armchairs with turned legs, black-framed windows, neutral palette, and arched doorways.","photorealistic renovated interior, professional real estate photography, high detail","photorealistic renovated interior, professional real estate photography, high detail, crisp white walls, black-framed windows, light oak flooring, textured cream rug, brass statement lighting, modern traditional",train
/home/jupyter/dataset_lora/after/living_room__e3b0007d4912caaf04_orig.jpg,e3b0007d4912caaf04,orig,living room,"Crisp white walls, light oak flooring, textured cream rug, recessed lighting and black sconces, California casual",Traditional,Contemporary,high,"Striped rolled-arm armchairs, ornate mirror, and arched doorway meet a minimalist fireplace, glass coffee table, and neutral palette.","photorealistic renovated interior, professional real estate photography, high detail","photorealistic renovated interior, professional real estate photography, high detail, Crisp white walls, light oak flooring, textured cream rug, recessed lighting and black sconces, California casual",train
/home/jupyter/dataset_lora/after/living_room__e3b0007d4912caaf04_v0.jpg,e3b0007d4912caaf04,v0,living room,"Crisp white walls, light oak flooring, textured cream rug, recessed lighting and black sconces, California casual",Traditional,Contemporary,high,"Striped rolled-arm armchairs, ornate mirror, and arched doorway meet a minimalist fireplace, glass coffee table, and neutral palette.","photorealistic renovated interior, professional real estate photography, high detail","photorealistic renovated interior, professional real estate photography, high detail, Crisp white walls, light oak flooring, textured cream rug, recessed lighting and black sconces, California casual",train
/home/jupyter/dataset_lora/after/living_room__e3b0007d4912caaf04_v1.jpg,e3b0007d4912caaf04,v1,living room,"Crisp white walls, light oak flooring, textured cream rug, recessed lighting and black sconces, California casual",Traditional,Contemporary,high,"Striped rolled-arm armchairs, ornate mirror, and arched doorway meet a minimalist fireplace, glass coffee table, and neutral palette.","photorealistic renovated interior, professional real estate photography, high detail","photorealistic renovated interior, professional real estate photography, high detail, Crisp white walls, light oak flooring, textured cream rug, recessed lighting and black sconces, California casual",train
/home/jupyter/dataset_lora/after/living_room__e3b0007d4912caaf04_v2.jpg,e3b0007d4912caaf04,v2,living room,"Crisp white walls, light oak flooring, textured cream rug, recessed lighting and black sconces, California casual",Traditional,Contemporary,high,"Striped rolled-arm armchairs, ornate mirror, and arched doorway meet a minimalist fireplace, glass coffee table, and neutral palette.","photorealistic renovated interior, professional real estate photography, high detail","photorealistic renovated interior, professional real estate photography, high detail, Crisp white walls, light oak flooring, textured cream rug, recessed lighting and black sconces, California casual",train
/home/jupyter/dataset_lora/after/living_room__e3b0007d4912caaf04_v3.jpg,e3b0007d4912caaf04,v3,living room,"Crisp white walls, light oak flooring, textured cream rug, recessed lighting and black sconces, California casual",Traditional,Contemporary,high,"Striped rolled-arm armchairs, ornate mirror, and arched doorway meet a minimalist fireplace, glass coffee table, and neutral palette.","photorealistic renovated interior, professional real estate photography, high detail","photorealistic renovated interior, professional real estate photography, high detail, Crisp white walls, light oak flooring, textured cream rug, recessed lighting and black sconces, California casual",train
/home/jupyter/dataset_lora/after/living_room__e3b0007d4912caaf04_v4.jpg,e3b0007d4912caaf04,v4,living room,"Crisp white walls, light oak flooring, textured cream rug, recessed lighting and black sconces, California casual",Traditional,Contemporary,high,"Striped rolled-arm armchairs, ornate mirror, and arched doorway meet a minimalist fireplace, glass coffee table, and neutral palette.","photorealistic renovated interior, professional real estate photography, high detail","photorealistic renovated interior, professional real estate photography, high detail, Crisp white walls, light oak flooring, textured cream rug, recessed lighting and black sconces, California casual",train
/home/jupyter/dataset_lora/after/living_room__e8e420fc154a36fc14_orig.jpg,e8e420fc154a36fc14,orig,living room,"white walls, black traditional sideboard, hardwood flooring with chevron rug, capiz shell pendant, eclectic transitional",Traditional,Contemporary,medium,"Dark wood ceiling beams, traditional wingback chair, ornate black sideboard, bold black-and-white chevron rug, and vibrant pink accents.","photorealistic renovated interior, professional real estate photography, high detail","photorealistic renovated interior, professional real estate photography, high detail, white walls, black traditional sideboard, hardwood flooring with chevron rug, capiz shell pendant, eclectic transitional",train
/home/jupyter/dataset_lora/after/living_room__e8e420fc154a36fc14_v0.jpg,e8e420fc154a36fc14,v0,living room,"white walls, black traditional sideboard, hardwood flooring with chevron rug, capiz shell pendant, eclectic transitional",Traditional,Contemporary,medium,"Dark wood ceiling beams, traditional wingback chair, ornate black sideboard, bold black-and-white chevron rug, and vibrant pink accents.","photorealistic renovated interior, professional real estate photography, high detail","photorealistic renovated interior, professional real estate photography, high detail, white walls, black traditional sideboard, hardwood flooring with chevron rug, capiz shell pendant, eclectic transitional",train
/home/jupyter/dataset_lora/after/living_room__e8e420fc154a36fc14_v1.jpg,e8e420fc154a36fc14,v1,living room,"white walls, black traditional sideboard, hardwood flooring with chevron rug, capiz shell pendant, eclectic transitional",Traditional,Contemporary,medium,"Dark wood ceiling beams, traditional wingback chair, ornate black sideboard, bold black-and-white chevron rug, and vibrant pink accents.","photorealistic renovated interior, professional real estate photography, high detail","photorealistic renovated interior, professional real estate photography, high detail, white walls, black traditional sideboard, hardwood flooring with chevron rug, capiz shell pendant, eclectic transitional",train
/home/jupyter/dataset_lora/after/living_room__e8e420fc154a36fc14_v2.jpg,e8e420fc154a36fc14,v2,living room,"white walls, black traditional sideboard, hardwood flooring with chevron rug, capiz shell pendant, eclectic transitional",Traditional,Contemporary,medium,"Dark wood ceiling beams, traditional wingback chair, ornate black sideboard, bold black-and-white chevron rug, and vibrant pink accents.","photorealistic renovated interior, professional real estate photography, high detail","photorealistic renovated interior, professional real estate photography, high detail, white walls, black traditional sideboard, hardwood flooring with chevron rug, capiz shell pendant, eclectic transitional",train
/home/jupyter/dataset_lora/after/living_room__e8e420fc154a36fc14_v3.jpg,e8e420fc154a36fc14,v3,living room,"white walls, black traditional sideboard, hardwood flooring with chevron rug, capiz shell pendant, eclectic transitional",Traditional,Contemporary,medium,"Dark wood ceiling beams, traditional wingback chair, ornate black sideboard, bold black-and-white chevron rug, and vibrant pink accents.","photorealistic renovated interior, professional real estate photography, high detail","photorealistic renovated interior, professional real estate photography, high detail, white walls, black traditional sideboard, hardwood flooring with chevron rug, capiz shell pendant, eclectic transitional",train
/home/jupyter/dataset_lora/after/living_room__e8e420fc154a36fc14_v4.jpg,e8e420fc154a36fc14,v4,living room,"white walls, black traditional sideboard, hardwood flooring with chevron rug, capiz shell pendant, eclectic transitional",Traditional,Contemporary,medium,"Dark wood ceiling beams, traditional wingback chair, ornate black sideboard, bold black-and-white chevron rug, and vibrant pink accents.","photorealistic renovated interior, professional real estate photography, high detail","photorealistic renovated interior, professional real estate photography, high detail, white walls, black traditional sideboard, hardwood flooring with chevron rug, capiz shell pendant, eclectic transitional",train
/home/jupyter/dataset_lora/after/living_room__ee4b164bad7711c747_orig.jpg,ee4b164bad7711c747,orig,living room,"stone accent wall, white shaker built-in cabinet, dark wood flooring with patterned rug, rustic wood chandelier, rustic transitional",Rustic,Traditional,high,"Rough stone fireplace wall, exposed dark wood ceiling beams, traditional turned-leg coffee table, classic chandelier, and patterned area rug.","photorealistic renovated interior, professional real estate photography, high detail","photorealistic renovated interior, professional real estate photography, high detail, stone accent wall, white shaker built-in cabinet, dark wood flooring with patterned rug, rustic wood chandelier, rustic transitional",train
/home/jupyter/dataset_lora/after/living_room__ee4b164bad7711c747_v0.jpg,ee4b164bad7711c747,v0,living room,"stone accent wall, white shaker built-in cabinet, dark wood flooring with patterned rug, rustic wood chandelier, rustic transitional",Rustic,Traditional,high,"Rough stone fireplace wall, exposed dark wood ceiling beams, traditional turned-leg coffee table, classic chandelier, and patterned area rug.","photorealistic renovated interior, professional real estate photography, high detail","photorealistic renovated interior, professional real estate photography, high detail, stone accent wall, white shaker built-in cabinet, dark wood flooring with patterned rug, rustic wood chandelier, rustic transitional",train
/home/jupyter/dataset_lora/after/living_room__ee4b164bad7711c747_v1.jpg,ee4b164bad7711c747,v1,living room,"stone accent wall, white shaker built-in cabinet, dark wood flooring with patterned rug, rustic wood chandelier, rustic transitional",Rustic,Traditional,high,"Rough stone fireplace wall, exposed dark wood ceiling beams, traditional turned-leg coffee table, classic chandelier, and patterned area rug.","photorealistic renovated interior, professional real estate photography, high detail","photorealistic renovated interior, professional real estate photography, high detail, stone accent wall, white shaker built-in cabinet, dark wood flooring with patterned rug, rustic wood chandelier, rustic transitional",train
/home/jupyter/dataset_lora/after/living_room__ee4b164bad7711c747_v2.jpg,ee4b164bad7711c747,v2,living room,"stone accent wall, white shaker built-in cabinet, dark wood flooring with patterned rug, rustic wood chandelier, rustic transitional",Rustic,Traditional,high,"Rough stone fireplace wall, exposed dark wood ceiling beams, traditional turned-leg coffee table, classic chandelier, and patterned area rug.","photorealistic renovated interior, professional real estate photography, high detail","photorealistic renovated interior, professional real estate photography, high detail, stone accent wall, white shaker built-in cabinet, dark wood flooring with patterned rug, rustic wood chandelier, rustic transitional",train
/home/jupyter/dataset_lora/after/living_room__ee4b164bad7711c747_v3.jpg,ee4b164bad7711c747,v3,living room,"stone accent wall, white shaker built-in cabinet, dark wood flooring with patterned rug, rustic wood chandelier, rustic transitional",Rustic,Traditional,high,"Rough stone fireplace wall, exposed dark wood ceiling beams, traditional turned-leg coffee table, classic chandelier, and patterned area rug.","photorealistic renovated interior, professional real estate photography, high detail","photorealistic renovated interior, professional real estate photography, high detail, stone accent wall, white shaker built-in cabinet, dark wood flooring with patterned rug, rustic wood chandelier, rustic transitional",train
/home/jupyter/dataset_lora/after/living_room__ee4b164bad7711c747_v4.jpg,ee4b164bad7711c747,v4,living room,"stone accent wall, white shaker built-in cabinet, dark wood flooring with patterned rug, rustic wood chandelier, rustic transitional",Rustic,Traditional,high,"Rough stone fireplace wall, exposed dark wood ceiling beams, traditional turned-leg coffee table, classic chandelier, and patterned area rug.","photorealistic renovated interior, professional real estate photography, high detail","photorealistic renovated interior, professional real estate photography, high detail, stone accent wall, white shaker built-in cabinet, dark wood flooring with patterned rug, rustic wood chandelier, rustic transitional",train
/home/jupyter/dataset_lora/after/living_room__eef4441d467f4e7a0f_orig.jpg,eef4441d467f4e7a0f,orig,living room,"light gray walls, charcoal fireplace mantel, sliding wood barn door, blue patterned rug, recessed lighting, transitional rustic",Contemporary,Rustic,high,"Sliding wooden barn door, blocky wood coffee table, clean-lined grey sofa, blue armchairs, and neutral color palette.","photorealistic renovated interior, professional real estate photography, high detail","photorealistic renovated interior, professional real estate photography, high detail, light gray walls, charcoal fireplace mantel, sliding wood barn door, blue patterned rug, recessed lighting, transitional rustic",train
/home/jupyter/dataset_lora/after/living_room__eef4441d467f4e7a0f_v0.jpg,eef4441d467f4e7a0f,v0,living room,"light gray walls, charcoal fireplace mantel, sliding wood barn door, blue patterned rug, recessed lighting, transitional rustic",Contemporary,Rustic,high,"Sliding wooden barn door, blocky wood coffee table, clean-lined grey sofa, blue armchairs, and neutral color palette.","photorealistic renovated interior, professional real estate photography, high detail","photorealistic renovated interior, professional real estate photography, high detail, light gray walls, charcoal fireplace mantel, sliding wood barn door, blue patterned rug, recessed lighting, transitional rustic",train
/home/jupyter/dataset_lora/after/living_room__eef4441d467f4e7a0f_v1.jpg,eef4441d467f4e7a0f,v1,living room,"light gray walls, charcoal fireplace mantel, sliding wood barn door, blue patterned rug, recessed lighting, transitional rustic",Contemporary,Rustic,high,"Sliding wooden barn door, blocky wood coffee table, clean-lined grey sofa, blue armchairs, and neutral color palette.","photorealistic renovated interior, professional real estate photography, high detail","photorealistic renovated interior, professional real estate photography, high detail, light gray walls, charcoal fireplace mantel, sliding wood barn door, blue patterned rug, recessed lighting, transitional rustic",train
/home/jupyter/dataset_lora/after/living_room__eef4441d467f4e7a0f_v2.jpg,eef4441d467f4e7a0f,v2,living room,"light gray walls, charcoal fireplace mantel, sliding wood barn door, blue patterned rug, recessed lighting, transitional rustic",Contemporary,Rustic,high,"Sliding wooden barn door, blocky wood coffee table, clean-lined grey sofa, blue armchairs, and neutral color palette.","photorealistic renovated interior, professional real estate photography, high detail","photorealistic renovated interior, professional real estate photography, high detail, light gray walls, charcoal fireplace mantel, sliding wood barn door, blue patterned rug, recessed lighting, transitional rustic",train
/home/jupyter/dataset_lora/after/living_room__eef4441d467f4e7a0f_v3.jpg,eef4441d467f4e7a0f,v3,living room,"light gray walls, charcoal fireplace mantel, sliding wood barn door, blue patterned rug, recessed lighting, transitional rustic",Contemporary,Rustic,high,"Sliding wooden barn door, blocky wood coffee table, clean-lined grey sofa, blue armchairs, and neutral color palette.","photorealistic renovated interior, professional real estate photography, high detail","photorealistic renovated interior, professional real estate photography, high detail, light gray walls, charcoal fireplace mantel, sliding wood barn door, blue patterned rug, recessed lighting, transitional rustic",train
/home/jupyter/dataset_lora/after/living_room__eef4441d467f4e7a0f_v4.jpg,eef4441d467f4e7a0f,v4,living room,"light gray walls, charcoal fireplace mantel, sliding wood barn door, blue patterned rug, recessed lighting, transitional rustic",Contemporary,Rustic,high,"Sliding wooden barn door, blocky wood coffee table, clean-lined grey sofa, blue armchairs, and neutral color palette.","photorealistic renovated interior, professional real estate photography, high detail","photorealistic renovated interior, professional real estate photography, high detail, light gray walls, charcoal fireplace mantel, sliding wood barn door, blue patterned rug, recessed lighting, transitional rustic",train
/home/jupyter/dataset_lora/after/living_room__f8b7c385da9dc969dc_orig.jpg,f8b7c385da9dc969dc,orig,living room,"Cool gray walls, light oak flooring, plush gray area rug, brushed nickel ceiling fan light, transitional",Contemporary,Rustic,medium,"Chunky wood media console, metal-framed coffee table, clean-lined blue sectional, teal armchairs, and light wood flooring.","photorealistic renovated interior, professional real estate photography, high detail","photorealistic renovated interior, professional real estate photography, high detail, Cool gray walls, light oak flooring, plush gray area rug, brushed nickel ceiling fan light, transitional",train
/home/jupyter/dataset_lora/after/living_room__f8b7c385da9dc969dc_v0.jpg,f8b7c385da9dc969dc,v0,living room,"Cool gray walls, light oak flooring, plush gray area rug, brushed nickel ceiling fan light, transitional",Contemporary,Rustic,medium,"Chunky wood media console, metal-framed coffee table, clean-lined blue sectional, teal armchairs, and light wood flooring.","photorealistic renovated interior, professional real estate photography, high detail","photorealistic renovated interior, professional real estate photography, high detail, Cool gray walls, light oak flooring, plush gray area rug, brushed nickel ceiling fan light, transitional",train
/home/jupyter/dataset_lora/after/living_room__f8b7c385da9dc969dc_v1.jpg,f8b7c385da9dc969dc,v1,living room,"Cool gray walls, light oak flooring, plush gray area rug, brushed nickel ceiling fan light, transitional",Contemporary,Rustic,medium,"Chunky wood media console, metal-framed coffee table, clean-lined blue sectional, teal armchairs, and light wood flooring.","photorealistic renovated interior, professional real estate photography, high detail","photorealistic renovated interior, professional real estate photography, high detail, Cool gray walls, light oak flooring, plush gray area rug, brushed nickel ceiling fan light, transitional",train
/home/jupyter/dataset_lora/after/living_room__f8b7c385da9dc969dc_v2.jpg,f8b7c385da9dc969dc,v2,living room,"Cool gray walls, light oak flooring, plush gray area rug, brushed nickel ceiling fan light, transitional",Contemporary,Rustic,medium,"Chunky wood media console, metal-framed coffee table, clean-lined blue sectional, teal armchairs, and light wood flooring.","photorealistic renovated interior, professional real estate photography, high detail","photorealistic renovated interior, professional real estate photography, high detail, Cool gray walls, light oak flooring, plush gray area rug, brushed nickel ceiling fan light, transitional",train
/home/jupyter/dataset_lora/after/living_room__f8b7c385da9dc969dc_v3.jpg,f8b7c385da9dc969dc,v3,living room,"Cool gray walls, light oak flooring, plush gray area rug, brushed nickel ceiling fan light, transitional",Contemporary,Rustic,medium,"Chunky wood media console, metal-framed coffee table, clean-lined blue sectional, teal armchairs, and light wood flooring.","photorealistic renovated interior, professional real estate photography, high detail","photorealistic renovated interior, professional real estate photography, high detail, Cool gray walls, light oak flooring, plush gray area rug, brushed nickel ceiling fan light, transitional",train
/home/jupyter/dataset_lora/after/living_room__f8b7c385da9dc969dc_v4.jpg,f8b7c385da9dc969dc,v4,living room,"Cool gray walls, light oak flooring, plush gray area rug, brushed nickel ceiling fan light, transitional",Contemporary,Rustic,medium,"Chunky wood media console, metal-framed coffee table, clean-lined blue sectional, teal armchairs, and light wood flooring.","photorealistic renovated interior, professional real estate photography, high detail","photorealistic renovated interior, professional real estate photography, high detail, Cool gray walls, light oak flooring, plush gray area rug, brushed nickel ceiling fan light, transitional",train
/home/jupyter/dataset_lora/after/living_room__f9e108abf9b3862a06_orig.jpg,f9e108abf9b3862a06,orig,living room,"crisp white walls, charcoal fireplace surround, white built-in shelving, light wood flooring, arched floor lamp, contemporary glam",Contemporary,Mid-Century Modern,high,"Chrome slatted coffee table, royal blue velvet sofa, arc floor lamp, and clean-lined mid-century style armchairs.","photorealistic renovated interior, professional real estate photography, high detail","photorealistic renovated interior, professional real estate photography, high detail, crisp white walls, charcoal fireplace surround, white built-in shelving, light wood flooring, arched floor lamp, contemporary glam",train
/home/jupyter/dataset_lora/after/living_room__f9e108abf9b3862a06_v0.jpg,f9e108abf9b3862a06,v0,living room,"crisp white walls, charcoal fireplace surround, white built-in shelving, light wood flooring, arched floor lamp, contemporary glam",Contemporary,Mid-Century Modern,high,"Chrome slatted coffee table, royal blue velvet sofa, arc floor lamp, and clean-lined mid-century style armchairs.","photorealistic renovated interior, professional real estate photography, high detail","photorealistic renovated interior, professional real estate photography, high detail, crisp white walls, charcoal fireplace surround, white built-in shelving, light wood flooring, arched floor lamp, contemporary glam",train
/home/jupyter/dataset_lora/after/living_room__f9e108abf9b3862a06_v1.jpg,f9e108abf9b3862a06,v1,living room,"crisp white walls, charcoal fireplace surround, white built-in shelving, light wood flooring, arched floor lamp, contemporary glam",Contemporary,Mid-Century Modern,high,"Chrome slatted coffee table, royal blue velvet sofa, arc floor lamp, and clean-lined mid-century style armchairs.","photorealistic renovated interior, professional real estate photography, high detail","photorealistic renovated interior, professional real estate photography, high detail, crisp white walls, charcoal fireplace surround, white built-in shelving, light wood flooring, arched floor lamp, contemporary glam",train
/home/jupyter/dataset_lora/after/living_room__f9e108abf9b3862a06_v2.jpg,f9e108abf9b3862a06,v2,living room,"crisp white walls, charcoal fireplace surround, white built-in shelving, light wood flooring, arched floor lamp, contemporary glam",Contemporary,Mid-Century Modern,high,"Chrome slatted coffee table, royal blue velvet sofa, arc floor lamp, and clean-lined mid-century style armchairs.","photorealistic renovated interior, professional real estate photography, high detail","photorealistic renovated interior, professional real estate photography, high detail, crisp white walls, charcoal fireplace surround, white built-in shelving, light wood flooring, arched floor lamp, contemporary glam",train
/home/jupyter/dataset_lora/after/living_room__f9e108abf9b3862a06_v3.jpg,f9e108abf9b3862a06,v3,living room,"crisp white walls, charcoal fireplace surround, white built-in shelving, light wood flooring, arched floor lamp, contemporary glam",Contemporary,Mid-Century Modern,high,"Chrome slatted coffee table, royal blue velvet sofa, arc floor lamp, and clean-lined mid-century style armchairs.","photorealistic renovated interior, professional real estate photography, high detail","photorealistic renovated interior, professional real estate photography, high detail, crisp white walls, charcoal fireplace surround, white built-in shelving, light wood flooring, arched floor lamp, contemporary glam",train
/home/jupyter/dataset_lora/after/living_room__f9e108abf9b3862a06_v4.jpg,f9e108abf9b3862a06,v4,living room,"crisp white walls, charcoal fireplace surround, white built-in shelving, light wood flooring, arched floor lamp, contemporary glam",Contemporary,Mid-Century Modern,high,"Chrome slatted coffee table, royal blue velvet sofa, arc floor lamp, and clean-lined mid-century style armchairs.","photorealistic renovated interior, professional real estate photography, high detail","photorealistic renovated interior, professional real estate photography, high detail, crisp white walls, charcoal fireplace surround, white built-in shelving, light wood flooring, arched floor lamp, contemporary glam",train
/home/jupyter/dataset_lora/after/living_room__ff5beb14c5f82b779f_orig.jpg,ff5beb14c5f82b779f,orig,living room,"cool gray walls, textured stone fireplace, dark wood flooring, modern crystal ring chandelier, transitional glam",Contemporary,Glam,high,"Crystal ring chandelier, gold geometric console table, tufted ottoman, gray walls, chevron pillows, and stacked stone fireplace.","photorealistic renovated interior, professional real estate photography, high detail","photorealistic renovated interior, professional real estate photography, high detail, cool gray walls, textured stone fireplace, dark wood flooring, modern crystal ring chandelier, transitional glam",train
/home/jupyter/dataset_lora/after/living_room__ff5beb14c5f82b779f_v0.jpg,ff5beb14c5f82b779f,v0,living room,"cool gray walls, textured stone fireplace, dark wood flooring, modern crystal ring chandelier, transitional glam",Contemporary,Glam,high,"Crystal ring chandelier, gold geometric console table, tufted ottoman, gray walls, chevron pillows, and stacked stone fireplace.","photorealistic renovated interior, professional real estate photography, high detail","photorealistic renovated interior, professional real estate photography, high detail, cool gray walls, textured stone fireplace, dark wood flooring, modern crystal ring chandelier, transitional glam",train
/home/jupyter/dataset_lora/after/living_room__ff5beb14c5f82b779f_v1.jpg,ff5beb14c5f82b779f,v1,living room,"cool gray walls, textured stone fireplace, dark wood flooring, modern crystal ring chandelier, transitional glam",Contemporary,Glam,high,"Crystal ring chandelier, gold geometric console table, tufted ottoman, gray walls, chevron pillows, and stacked stone fireplace.","photorealistic renovated interior, professional real estate photography, high detail","photorealistic renovated interior, professional real estate photography, high detail, cool gray walls, textured stone fireplace, dark wood flooring, modern crystal ring chandelier, transitional glam",train
/home/jupyter/dataset_lora/after/living_room__ff5beb14c5f82b779f_v2.jpg,ff5beb14c5f82b779f,v2,living room,"cool gray walls, textured stone fireplace, dark wood flooring, modern crystal ring chandelier, transitional glam",Contemporary,Glam,high,"Crystal ring chandelier, gold geometric console table, tufted ottoman, gray walls, chevron pillows, and stacked stone fireplace.","photorealistic renovated interior, professional real estate photography, high detail","photorealistic renovated interior, professional real estate photography, high detail, cool gray walls, textured stone fireplace, dark wood flooring, modern crystal ring chandelier, transitional glam",train
/home/jupyter/dataset_lora/after/living_room__ff5beb14c5f82b779f_v3.jpg,ff5beb14c5f82b779f,v3,living room,"cool gray walls, textured stone fireplace, dark wood flooring, modern crystal ring chandelier, transitional glam",Contemporary,Glam,high,"Crystal ring chandelier, gold geometric console table, tufted ottoman, gray walls, chevron pillows, and stacked stone fireplace.","photorealistic renovated interior, professional real estate photography, high detail","photorealistic renovated interior, professional real estate photography, high detail, cool gray walls, textured stone fireplace, dark wood flooring, modern crystal ring chandelier, transitional glam",train
/home/jupyter/dataset_lora/after/living_room__ff5beb14c5f82b779f_v4.jpg,ff5beb14c5f82b779f,v4,living room,"cool gray walls, textured stone fireplace, dark wood flooring, modern crystal ring chandelier, transitional glam",Contemporary,Glam,high,"Crystal ring chandelier, gold geometric console table, tufted ottoman, gray walls, chevron pillows, and stacked stone fireplace.","photorealistic renovated interior, professional real estate photography, high detail","photorealistic renovated interior, professional real estate photography, high detail, cool gray walls, textured stone fireplace, dark wood flooring, modern crystal ring chandelier, transitional glam",train
